year,date,temp_mean,temp_min,temp_max,hum_mean,light_mean,light_max,st1,st2,st3,st4,sm1,sm2,sm3,sm4,ph,salt,pest_count,lure_count,spore_count,label
2024,2024-05-24,16.666666666666668,14.4,21.2,48.6,159569.9,159569.9,,,,,,,,,,,0.0,0.0,0.0,0
2024,2024-05-29,,,,,,,20.05,14.15,12.4,12.0,7.25,37.4,38.1,35.05,,,0.0,0.0,0.0,2
2024,2024-06-20,,,,,,,18.417450993555317,17.88615445879309,17.110293977638904,16.047662368176937,21.324470927725155,20.422108843537416,16.686216922175568,15.595197520994043,7.217540378317701,0.0167503141279584,0.0,0.0,0.0,2
2024,2024-06-21,,,,,,,16.67098558435429,16.444958231491686,15.99782413165688,15.328041558939516,19.05937052511809,17.91481291762132,14.207085059589115,13.539921242058307,7.198588896665504,0.0102415009564004,0.0,0.0,0.0,2
2024,2024-06-22,18.108771929824563,15.1,20.3,75.05087719298245,291416.7175438597,643834.6,16.988626012145748,16.318990384615383,15.718409244264508,15.086541835357623,18.92974190283401,17.829278002699056,14.316540148448045,13.70469129554656,7.138408452808698,0.011016668494152,0.0,0.0,0.0,2
2024,2024-06-23,18.051041666666663,13.1,23.3,72.35416666666667,367676.40208333335,653793.2,18.78040991902834,17.53562331309042,16.43256157219973,15.466108299595142,18.936826923076925,17.877543859649123,14.426729082321186,13.80842189608637,7.1126827520867515,0.0112107648026315,0.0,0.0,0.0,2
2024,2024-06-24,15.252020014825796,12.65,19.299999999999997,87.16265752409191,200253.30083395107,611489.3500000001,18.185593018271163,17.77039154378263,16.99513754841164,16.036464310203232,17.714657298971787,16.501770488442705,14.024505051448656,13.755905985178307,7.171411958872843,0.0126043184994463,1.0,0.0,0.0,2
2024,2024-06-25,18.982846423885537,12.483333333333334,23.166666666666668,59.50684486126982,115583.2969827368,535480.1166666667,19.097403958663996,18.02388491371598,16.96556966375878,16.017076983461905,16.482551834264868,15.977298762201473,14.086209590837434,14.548794528077812,7.166091388733333,0.0122232453740855,0.0,0.0,9.0,2
2024,2024-06-26,21.801939378148344,15.066666666666668,27.516666666666666,68.35918611762492,47084.22466922514,193662.45,20.42668555068226,19.012459186159845,17.697568835282652,16.519293981481482,16.348679337231967,15.978404605263158,14.190603070175438,14.86111111111111,7.197685883824191,0.0120382668585526,0.0,0.0,5.0,2
2024,2024-06-27,24.033464912280703,17.849999999999998,29.766666666666666,67.3587865497076,34721.72333516082,93908.11666666664,22.544874824680264,20.61398856855893,18.835795654447775,17.319562725835592,16.369767329910143,16.09877100865307,14.292153089787478,14.934697127727857,7.212931096285363,0.0114691314436557,0.0,0.0,3.0,2
2024,2024-06-28,23.89871378671378,19.783333333333335,29.416666666666668,75.06581375489986,23189.466890240776,107221.6,22.93900253971965,21.428531123050092,19.793447099208684,18.212002906472726,16.21847756063879,16.07915884817727,14.34614209324828,15.019920519952391,7.278405174839711,0.0116460220093913,4.0,1.0,1.0,2
2024,2024-06-29,22.17517361111111,18.683333333333337,26.233333333333334,85.27100694444444,12443.392881944446,80200.73333333334,22.34214059454191,21.432033991228067,20.149729532163743,18.72790996588694,16.038933357699804,16.00519675925926,14.319225755360623,15.049445053606238,7.205111434286291,0.0115779393587578,0.0,0.0,8.0,2
2024,2024-06-30,16.483689692982455,13.166666666666666,19.65,95.11688230994152,6540.686538742691,34834.9,19.379951876218325,19.921572855750487,19.54954251949318,18.658974780701755,18.369120979532163,17.12715155945419,14.92558723196881,15.451070297270954,7.175193348241745,0.0131698415829746,0.0,1.0,3.0,2
2024,2024-07-01,19.6472057748538,11.9,26.25,70.26211440058479,34942.28854532164,99961.38333333336,18.857649244639376,18.48639254385965,18.20729227582846,17.78584734405458,20.301415692007797,18.667796052631576,16.114524244639377,16.1929873294347,7.120294059914459,0.0145110812389971,1.0,0.0,4.0,2
2024,2024-07-02,22.4381067251462,14.8,28.316666666666663,72.58487938596491,28121.193004385965,92682.65,20.880006091617936,19.614097831384015,18.642355628654972,17.79052936159844,19.324796539961017,18.34937865497076,16.037983674463938,16.1592556042885,7.145396213341063,0.0142416073271413,1.0,0.0,8.0,2
2024,2024-07-03,25.24519371345029,20.066666666666663,30.46666666666667,77.98693713450292,29000.028483187136,94473.71666666667,23.84837049220273,21.79706079434698,20.008520955165693,18.549728313840156,18.84903874269006,18.168340034113054,15.98832541423002,16.205389254385963,7.16546126868345,0.0143146895815742,1.0,0.0,6.0,2
2024,2024-07-04,25.63816703216374,18.933333333333337,31.266666666666666,71.17828947368422,29517.556211622807,84405.7,24.73195967348928,22.965843079922028,21.18288803606238,19.540132797270957,18.315620126705653,17.939034478557502,15.926776924951266,16.253774366471735,7.171219798093606,0.0144190499226006,1.0,0.0,16.0,2
2024,2024-07-05,25.30516812865497,21.2,29.633333333333336,78.2116739766082,21821.213349780704,64722.48333333334,25.45139315302144,23.765366715399608,22.014737451267056,20.33232456140351,17.87727643762183,17.65690911306043,15.795923489278753,16.234739278752436,7.177884835965155,0.0144512564499483,1.0,1.0,0.0,2
2024,2024-07-06,25.62257309941521,21.1,30.183333333333337,85.28860380116959,16369.049881213448,60298.68333333333,25.829912280701752,24.251915813840156,22.574368908382063,20.918044590643277,17.535178484405456,17.412909356725145,15.69010843079922,16.183209064327485,7.18041333208324,0.0142585872567897,0.0,1.0,0.0,2
2024,2024-07-07,24.40154057017544,19.033333333333335,31.05,85.19175986842106,16486.949556443193,67961.21666666666,25.54543555068226,24.37085038986355,22.8972520711501,21.339527899610136,17.181409600389866,17.15817190545809,15.54194322612086,16.101720272904483,7.206719766743839,0.0141882874800637,0.0,0.0,3.0,2
2024,2024-07-08,19.685954829602743,17.466666666666665,21.733333333333334,76.26607178866708,22970.090481952007,93382.91666666669,23.51470458892865,22.908756919736188,22.17666848382727,21.19542343259929,16.623077540920292,16.701965894344927,15.281283188814948,15.952036786394196,7.252137521933349,0.0137748899098228,0.0,0.0,10.0,2
2024,2024-07-09,16.245138380138382,13.55,20.6,85.50163003663003,16978.77806064306,91460.55,20.755697327363993,21.423170533170538,21.2993779677113,20.67852530185864,17.46447564780898,16.72794125627459,15.182520010853343,15.837320580653916,7.168708463815067,0.0136526028873087,0.0,0.0,6.0,2
2024,2024-07-10,16.820537280701753,11.583333333333334,20.95,88.53000000000002,16494.416315789476,121444.08333333331,19.647155214424952,20.101221369395713,20.155796783625732,19.83539717348928,17.51006274366472,16.714482821637425,15.080158382066278,15.742415935672517,7.148264947472124,0.0134302255136504,0.0,0.0,5.0,2
2024,2024-07-11,15.591111111111111,-0.916666666666666,18.666666666666668,85.92885078387458,15268.78807441365,94160.61666666664,18.547992811890836,19.170247928849903,19.351692251461987,19.164869030214422,20.262574926900584,18.586560063352824,16.504362816764132,17.38632797270955,7.17530009767691,0.0157917272961816,0.0,0.0,8.0,1
2024,2024-07-12,17.56801169590643,14.45,21.4,83.35573099415205,17471.321465643276,84733.95,19.217481115984405,18.95640107212476,18.803004995126702,18.572571271929824,20.51493664717349,18.912598075048734,16.76775097465887,17.226320662768032,7.098333205117472,0.0155714761289741,0.0,2.0,6.0,2
2024,2024-07-13,19.4787134502924,12.633333333333333,24.53333333333333,78.56685489766082,31741.911770833336,117025.33333333331,20.590925925925927,19.83884563840156,19.148953460038985,18.55668859649123,19.91376522904483,18.705830287524364,16.684150219298246,17.112740009746588,7.087459016175583,0.0152689563983488,1.0,2.0,8.0,2
2024,2024-07-14,22.07455592105263,14.0,27.6,75.90569992690058,36105.44437682749,96146.95,22.56257797270955,21.122251461988306,19.92321211013645,18.968833455165697,19.293819444444445,18.44459125243665,16.561691033138402,17.061970638401558,7.110147859838015,0.0150998101956093,1.0,1.0,8.0,2
2024,2024-07-15,23.673578216374267,16.616666666666667,28.4,82.86333881578948,29168.950244883043,101745.71666666667,23.942629751461983,22.495671296296297,21.060158382066277,19.76747807017544,18.657945297270956,18.13593567251462,16.460613425925928,17.010303971734892,7.14200767513439,0.0150033754367314,0.0,1.0,17.0,2
2024,2024-07-16,25.129619772951457,20.6,30.083333333333332,85.10512312407525,28544.0671525576,96648.58333333331,25.544426169590643,23.70134624756335,21.997446393762186,20.51293737816764,18.13334368908382,17.800694444444446,16.29082358674464,16.928327241715397,7.183564521484818,0.0147542394589414,0.0,0.0,11.0,2
2024,2024-07-17,25.517704678362573,20.616666666666667,30.03333333333333,78.84767361111112,33127.87744152047,95049.41666666669,26.40860136452242,24.66692007797271,22.911295687134505,21.294311038011696,17.527029117933722,17.405506213450295,16.074295199805068,16.817470760233917,7.206268169733821,0.0144961591002099,2.0,1.0,16.0,2
2024,2024-07-18,22.956834795321637,20.583333333333332,24.366666666666664,90.58987390350876,7863.972591374269,33060.666666666664,24.266189692982454,24.058324805068228,23.126631335282653,21.806750730994153,17.070333820662768,16.982726608187136,15.806640472709551,16.660938718323585,7.232670384378633,0.0143484391124871,0.0,0.0,0.0,2
2024,2024-07-19,23.930996994353432,20.15,29.233333333333334,85.91337239181827,26590.09955607446,109775.21666666667,24.195065467723698,23.26106770358434,22.351708104138275,21.401834568969615,19.302282860133268,17.954467618150815,16.338723810423776,17.188681756791855,7.13735587780549,0.0153915158653444,1.0,1.0,2.0,2
2024,2024-07-20,25.021500365497076,21.4,29.116666666666664,82.52419590643275,27695.572507309946,101710.36666666664,24.925645711500973,23.816106846978556,22.68093201754386,21.534879995126705,18.624286671539963,17.734725877192982,16.24363425925926,16.8521966374269,7.213035131873846,0.0149412497756539,2.0,0.0,14.0,2
2024,2024-07-21,22.934380482456135,19.383333333333333,27.566666666666663,90.68947916666669,14902.246187865496,77283.51666666666,23.979502923976607,23.6160020711501,22.793326632553608,21.73667641325536,18.18997136939571,17.42206871345029,16.113585526315788,16.93758528265107,7.227988489830308,0.0138733895598013,0.0,1.0,20.0,2
2024,2024-07-22,23.055997807017544,19.116666666666667,27.866666666666664,89.12737938596491,20655.608406510513,96227.75,23.85246771442495,23.04105811403509,22.28626461988304,21.45926230506823,18.389197733918127,17.37694200779727,15.989010721247562,16.884040570175436,7.204910104632055,0.0145371408947647,0.0,0.0,11.0,2
2024,2024-07-23,22.06205919683729,18.116666666666667,25.866666666666664,85.07187786100708,26397.738445276733,94902.96666666666,24.49472329411468,23.648012774436,22.61001347747134,21.561078134654913,17.778157133129042,17.123134844071174,15.842554256674106,16.789374519224705,7.239799382271572,0.0132730897129679,0.0,0.0,8.0,2
2024,2024-07-24,21.165644736842104,15.94,26.02,80.56757456140352,37396.971872807015,104464.3,24.247275219298245,23.48081993177388,22.602277655945414,21.649035696881093,17.06621040448343,16.717739400584794,15.634282407407406,16.635024975633527,7.245425205959301,0.0130523586486498,0.0,0.0,26.0,2
2024,2024-07-25,21.895892857142854,17.1,25.9,75.71270833333332,36396.58845238095,115148.08,24.6061945662768,23.785203460038986,22.803181042884987,21.774173976608186,16.40360136452242,16.263071393762182,15.35969846491228,16.422987329434697,7.2603736597347295,0.0131741540431962,3.0,1.0,1.0,2
2024,2024-07-26,20.27888596491228,15.7,24.4,84.08179166666666,21621.951978070178,100561.66,23.746919468810916,23.276458942495125,22.606028874269004,21.750021320662768,15.742765594541911,15.736809210526316,15.018968079922027,16.158801169590642,7.265392041141272,0.0133445294419559,2.0,1.0,9.0,2
2024,2024-07-27,21.79997149122807,20.78,24.32,92.9577302631579,8464.858949561403,43502.72,23.26688596491228,23.047753411306044,22.476780579922025,21.663423489278752,15.659788620857702,15.442278265107213,14.78562317251462,15.974912889863548,7.27336813106554,0.0129128877486409,0.0,1.0,37.0,2
2024,2024-07-28,24.39166666666667,21.7,28.78,90.11,24917.520624999997,100862.64,23.989625365497076,23.013759746588693,22.214809332358676,21.44575475146199,16.87036976120858,16.130018274853803,15.370465399610136,16.414928728070176,7.208538848867625,0.0131998264404711,0.0,1.0,2.0,2
2024,2024-07-29,21.824769736842104,17.933333333333334,24.983333333333334,89.26941337719298,11774.533855994152,49171.85,23.34771990740741,23.142236232943468,22.529671661793373,21.699307383040935,20.85394858674464,19.442762548732944,18.61414900097466,19.339962841130603,6.942779064856378,0.0167777216550331,1.0,1.0,19.0,2
2024,2024-07-30,19.5008569317315,16.0,23.166666666666668,83.77545464658022,24997.87241823989,71139.34999999999,22.298697002923976,22.143642787524367,21.835477582846003,21.324962841130606,20.132510355750487,19.17362573099415,18.142962353801167,18.65430921052631,7.036371876781228,0.0149850598706975,1.0,1.0,12.0,2
2024,2024-07-31,22.785937500000003,15.7,27.675,86.68151041666667,30562.094626501617,110016.775,23.011998659844053,22.37730933235867,21.79685733430799,21.16106725146199,19.124478557504872,18.68782711988304,17.839047270955163,18.374550438596497,7.065745130261984,0.0149372366104521,0.0,1.0,0.0,2
2024,2024-08-01,21.89256798245614,19.880000000000003,23.32,96.71546271929824,6686.047392543859,27562.9,22.99690363060429,22.705644493177388,22.10683905945419,21.34048245614035,20.51363243177388,19.06872807017544,17.986934088693957,18.72483065302144,7.037816388554667,0.0141575731928927,0.0,0.0,12.0,2
2024,2024-08-02,21.26581798245614,18.119999999999997,24.36,80.88883552631579,45548.28695394737,104326.94,22.278608399358617,22.093940353235237,21.72233786471106,21.15872131044457,20.913195466264227,19.51039243774759,18.17814274429353,18.673132919103313,7.0393241721232584,0.0141977910971995,1.0,0.0,0.0,2
2024,2024-08-03,19.465416666666663,15.98,22.380000000000003,80.811875,15841.871041666667,65805.54000000001,20.92377132066277,21.29815545808967,21.262537768031187,20.886438230994152,19.748397904483433,18.988969298245618,17.93934271442495,18.4568841374269,7.076113726432013,0.0135455925163587,0.0,0.0,0.0,2
2024,2024-08-04,20.783355263157897,14.15,26.275,82.72479440789473,32171.688643092108,116167.675,21.261033747563353,20.951436403508772,20.738915082846,20.433459429824563,18.94471856725146,18.547141812865497,17.614295199805067,18.207394005847952,7.079401120417862,0.01285965386664,0.0,0.0,0.0,2
2024,2024-08-05,22.28996710526316,18.525,24.6,89.59756030701755,8935.272872807018,44005.7,21.68288438109162,21.39002253898635,20.99190972222222,20.46316825048733,18.27732821637427,18.112325170565303,17.338127436647174,18.030725511695906,7.10019465281031,0.0124458486610197,1.0,1.0,2.0,2
2024,2024-08-06,24.206263706140348,21.075000000000003,28.425,92.0317927631579,13289.59688870614,72588.7,22.84988243177388,21.895309454191036,21.16829130116959,20.51878959551657,18.003252923976607,17.85048976608187,17.1600919834308,17.923768884015594,7.115955677607161,0.0120800408735619,0.0,1.0,16.0,2
2024,2024-08-07,24.14550986842105,20.924999999999997,27.85,95.43547697368422,8910.119342673383,55115.7,23.39449744152047,22.558709186159845,21.708922392787525,20.866504020467836,17.741002680311894,17.61966374269006,17.053955896686162,17.86805311890838,7.1124261178334685,0.0118884400506614,0.0,0.0,0.0,2
2024,2024-08-08,24.264498355263157,21.175,29.8,89.85694353070176,24296.218799327296,104330.475,23.921194566276803,22.943924829434696,22.021713572124757,21.125506213450297,18.11252680311891,17.624113669590642,16.964106359649122,17.770575657894735,7.0946309540413015,0.011935550939416,1.0,0.0,16.0,2
2024,2024-08-09,22.008881578947367,18.775,27.1,92.27583333333334,17888.043641942557,108529.55,23.236929824561404,22.845307626705655,22.186675194931773,21.36103131091618,17.729935428849902,17.409015594541913,16.775125487329436,17.62952668128655,7.089782629272651,0.0116599161144351,0.0,0.0,17.0,2
2024,2024-08-10,20.14630756578947,16.75,24.675,88.04666666666667,22964.090367324563,112933.15,21.928123172514617,21.987260599415205,21.73241898148148,21.19584490740741,17.52859953703704,17.22471613060429,16.534370735867448,17.440057261208576,7.090728736570344,0.0112982291959846,0.0,0.0,29.0,2
2024,2024-08-11,20.90309714795009,20.375,22.0,94.68663101604278,1248.1714126559714,8630.45,21.238161021984553,21.192592592592593,21.0102990691226,20.67690631808279,19.259323628441276,17.74417211328976,16.70530798177857,17.6921073479897,7.076435739881065,0.0120034792780748,0.0,0.0,0.0,2
2024,2024-08-12,22.608179824561404,20.825,25.575,90.89269188596492,12257.297705592106,79641.025,21.72527655945419,21.273185307017545,20.925568957115008,20.52463084795322,19.699192860623786,18.204121588693955,16.898338815789472,17.860752314814814,7.073929258350124,0.0122069945076358,0.0,1.0,0.0,2
2024,2024-08-13,23.211595394736843,20.25,28.674999999999997,89.94692434210526,22019.91811403509,124808.225,22.85843384502924,22.01546966374269,21.297618786549705,20.636926169590645,19.19294895224171,18.284471247563353,17.175250365497075,17.98755969785575,7.094425415522752,0.0112006469298245,2.0,0.0,0.0,2
2024,2024-08-14,22.80405153508772,17.375,28.9,81.62064692982456,29886.06971765351,113448.25,22.92125,22.33609588206628,21.657063840155946,20.911148269980504,18.27262670565302,17.96650645711501,17.054931773879144,17.9285020711501,7.105888316980359,0.0108603549527098,0.0,0.0,0.0,2
2024,2024-08-15,22.67725071945244,15.575,28.7,83.97071960521784,28799.058330801585,103216.95,22.253515366120556,21.94869032063983,21.5294409994971,20.940652105413676,17.433353876008155,17.45110967547854,16.774537657812555,17.78720677276077,7.104439880021868,0.011053572197,0.0,0.0,0.0,2
2024,2024-08-16,23.69146655701754,18.4,29.35,83.01727521929824,28125.818018092104,107979.1,23.15063080495356,22.426301599587205,21.754958075335395,21.0640447626419,16.68827528379773,16.993164344685244,16.758348813209494,17.81074754901961,7.096648545611076,0.0099121999817581,0.0,0.0,0.0,2
2024,2024-08-17,22.91448739035088,16.75,29.775,86.70584978070175,32424.04610388575,98202.3,23.358544891640868,22.692094298245618,21.9902786377709,21.243382352941175,15.464609133126936,16.460346362229103,16.422140092879257,17.60299084107327,7.1106475330095735,0.0094749592731829,0.0,0.0,0.0,2
2024,2024-08-18,21.613166118421052,16.85,25.9,86.76607182017544,27461.758799342104,106284.825,22.79972587719298,22.53671504127967,22.03641124871001,21.36271026831785,14.713409442724458,15.946790505675956,16.08488519091847,17.377061403508772,7.121225540291785,0.0090189142326971,1.0,0.0,0.0,2
2024,2024-08-19,18.729506517925344,10.94,24.2,71.34811152241613,29226.94461643709,91984.74,21.32078201278749,21.531036197309877,21.416622104509003,21.061913970594407,14.03355016958308,15.160315485263382,15.49573146374714,17.01797279461758,7.144475718452167,0.008359800577818,0.0,0.0,0.0,2
2024,2024-08-20,18.92625,9.0,27.04,75.74416666666666,32247.679791666666,85684.36,19.861592492260066,20.34046439628483,20.605103844169246,20.53578624871001,13.3587693498452,14.722302631578948,15.10280379256966,16.709610423116615,7.145161453943829,0.0078667245723012,0.0,1.0,0.0,2
2024,2024-08-21,20.70531735588973,13.419999999999998,26.339999999999996,77.13252161654135,30893.073265664156,92437.22,21.02515092879257,20.675746904024766,20.491953689370487,20.23702012383901,12.977972639460644,14.368557791537668,14.821684081527348,16.45605585655315,7.149540040977226,0.0073749310493855,1.0,1.0,0.0,2
2024,2024-08-22,23.28493201754386,20.24,27.360000000000003,95.07898464912282,7363.0539364035085,55343.96,22.53556759545924,21.732269736842103,21.058717750258,20.448481682146543,14.021611842105262,15.24325915892673,15.339144736842105,16.905233488132097,7.140556847295973,0.0077236533094098,0.0,0.0,0.0,2
2024,2024-08-23,18.901697368421058,15.72,20.4,98.950625,7690.398726792565,28247.68,21.16573980908153,21.420644994840043,21.18952915376677,20.695362487100105,21.26642515816395,20.983512641898862,19.511606037151704,20.63717685758514,6.915515429736084,0.0101772504873294,0.0,0.0,0.0,2
2024,2024-08-24,17.29028545832822,13.75,22.2,86.28138956620865,20007.132192112625,98751.06666666668,19.94893124355005,20.329923245614033,20.44422149122807,20.29032314241486,22.41422471620227,22.192361326109392,20.63484649122807,21.74490454076367,6.821894805475369,0.0120602798531137,0.0,1.0,0.0,2
2024,2024-08-25,18.18852782999165,12.8,23.333333333333332,91.15737233709274,11783.847087510445,87642.75,18.911114551083593,19.425393446852425,19.751901444788444,19.784407249742003,22.013401468242797,21.909156991744062,20.26856037151703,20.977385835913314,6.845601065539079,0.0112966267230576,0.0,0.0,0.0,2
2024,2024-08-26,18.00654276400776,14.75,23.016666666666666,92.65679007459448,11979.568682146251,86533.43333333333,19.515208750859383,19.673145201510252,19.646910342884073,19.505166920516245,23.708558910912934,23.403548262205955,22.33833703110909,22.573394130735576,6.739152438738453,0.010516873761734,0.0,0.0,0.0,2
2024,2024-08-27,17.918328207118968,13.583333333333334,23.833333333333332,91.83482242395286,24070.33147578564,103134.46666666667,19.19652131755712,19.374012113206486,19.440481577246285,19.341532700036534,24.80673151576684,23.572442455242967,22.209220510946853,22.34043941991512,6.659391120661764,0.0102481941292403,1.0,1.0,0.0,2
2024,2024-08-28,20.24059393274854,14.816666666666668,26.866666666666664,88.13029239766081,28525.066659012955,91327.56666666668,19.994212461300307,19.678261738906087,19.47507481940144,19.246009416924664,24.184009731359648,23.224345330237355,21.782866357069143,21.57881320949432,6.768285678325185,0.0096032188870614,0.0,1.0,0.0,2
2024,2024-08-29,22.747370248538015,18.6,27.316666666666663,83.39927997076023,29422.38696820175,91364.6,21.236602167182664,20.54706978844169,19.989881320949433,19.492552889576885,23.531824287280703,22.85104231166151,21.53256256449949,21.337607069143445,6.876421190494066,0.0092175123355263,1.0,1.0,0.0,2
2024,2024-08-30,20.61758608937885,17.650000000000002,24.03333333333333,93.5150472676624,9972.168861921133,86550.26666666666,20.90962719298246,20.6953302373581,20.302914731682147,19.790152863777088,24.49013706140351,23.131361584107328,21.992994066047473,21.885874613003097,6.8728837275319234,0.0093829756030701,0.0,0.0,0.0,2
2024,2024-08-31,18.638366228070176,13.266666666666667,23.133333333333336,77.61968932748537,25347.195334429824,95278.35,19.58823851909185,20.026517027863775,20.030611455108357,19.75114099587203,26.18881990131579,24.752541279669764,23.796772445820434,23.638357843137253,6.832380790566974,0.0101747881672265,0.0,0.0,0.0,2
2024,2024-09-01,16.45438779239766,13.083333333333334,22.233333333333334,78.13203618421052,16950.489863304094,101806.31666666668,17.818028895768833,18.605872033023736,19.086009416924668,19.2025257997936,25.08842379385965,24.01800825593395,22.814950335397317,22.861488003095975,6.998902630301395,0.0094365371436403,0.0,0.0,0.0,2
2024,2024-09-02,17.81632045088567,11.183333333333332,23.85,76.87320853462158,28895.92922705314,82660.08333333333,17.846277507658584,18.223422613192433,18.540220201793097,18.66485694612293,24.30778711777353,23.406337652117703,22.36391754026025,22.21340111295354,6.946962940395774,0.0088656026039178,0.0,0.0,0.0,2
2024,2024-09-03,20.239834681501467,14.233333333333334,26.066666666666663,77.51818272662233,30639.87044160106,81958.13333333333,18.83851833706607,18.637211577520148,18.574914284302743,18.498273513492745,23.524262259705115,22.86634371637793,22.003239411105987,21.932452023362536,7.259166567699348,0.008554101912444,0.0,2.0,0.0,2
2024,2024-09-04,19.50847255449229,14.033333333333331,25.4,81.5646374933546,19071.70752541866,93729.68333333332,19.011324174406607,18.926978199174407,18.802558694530443,18.593074045407636,22.735399533991227,22.31280056759546,21.703246259029928,21.702619324045408,7.168717677888414,0.0083288109923245,0.0,1.0,0.0,2
2024,2024-09-05,16.257487700407385,10.083333333333334,20.833333333333332,77.79407044648137,15531.261424329785,89992.68333333333,17.938218524251806,18.589300180598556,18.74595717234262,18.608767414860683,24.68481085526316,23.521148090815274,23.102532249742,23.16544311145511,6.918985233118577,0.0090739905427631,0.0,1.0,0.0,2
2024,2024-09-06,16.38671235380117,9.966666666666669,23.166666666666668,74.04939692982457,26762.08388340643,92849.3,16.401764705882353,17.13879901960784,17.73955624355005,18.020521155830753,24.00747190241228,23.16931630546955,22.264992260061916,22.433185629514963,7.030660632154568,0.0087363952850877,0.0,0.0,0.0,2
2024,2024-09-07,13.680555555555555,13.516666666666666,13.883333333333333,89.67222222222222,0.0,0.0,16.185294117647057,17.250980392156862,17.672549019607843,17.798039215686273,23.834375,22.970588235294116,22.12549019607843,22.17549019607843,6.927745098039216,0.0085989583333333,0.0,0.0,0.0,2
2024,2024-09-09,21.333256524916077,19.3,24.933333333333337,70.44947553214834,26368.17956615378,83996.65000000001,17.007962301587302,16.315717592592595,16.578423941798942,16.927159391534392,24.301166666666667,22.83534193121693,22.56389814814815,22.24843783068783,6.872935221318943,0.0100028138528138,0.0,1.0,0.0,2
2024,2024-09-10,18.36861171866007,14.72,22.119999999999997,76.6869297033882,15032.3799870688,89807.18000000001,17.393862370529607,17.17729887303759,17.04833325190541,17.070183294247933,25.99734683408247,23.42942235033548,22.05439075630252,22.058619715327993,6.960235562756654,0.0110197618233339,0.0,2.0,0.0,2
2024,2024-09-11,17.523703985140155,12.066666666666668,23.75,68.4548125633232,27133.88493329956,80345.5,17.256228009579072,17.132357119830523,17.218305643824262,17.181782317859447,24.447951028661866,22.838951367781153,22.570453451690156,22.190164007092196,6.987200206503555,0.0102072395689416,0.0,1.0,0.0,2
2024,2024-09-12,16.154110142118864,11.75,21.55,64.95415455426357,19887.367320736434,93285.28333333333,16.258196924603176,16.62467757936508,16.92522321428571,16.98767361111111,23.831723484848485,22.50592757936508,22.2593253968254,21.96001984126984,6.971862194338036,0.0100779356060606,0.0,2.0,0.0,2
2024,2024-09-13,11.920126096491227,6.2,17.3,59.21730994152048,26481.486798245616,79290.05,14.383355263157895,15.58589912280702,16.339824561403507,16.64359649122807,22.97212918660287,21.839188596491223,21.737083333333334,21.70260964912281,6.996895605436659,0.0098337799043062,0.0,0.0,0.0,2
2024,2024-09-14,12.072048611111107,5.95,19.05,69.01220238095239,21120.339955357143,88125.86666666665,13.443142361111112,14.569010416666666,15.461545138888887,15.980381944444446,22.340530303030302,21.292795138888888,21.233680555555555,21.530729166666664,6.969033084287754,0.0104883333333333,1.0,0.0,0.0,2
2024,2024-09-15,13.582472826086956,6.283333333333334,21.016666666666666,75.83962107487922,25054.773739432367,77822.18333333333,14.006184210526316,14.569716905901116,15.151099481658692,15.557898724082934,21.786542763157893,20.96288975279107,21.162051435406696,21.418538676236043,6.9329023989854,0.0102808804824561,0.0,1.0,0.0,2
2024,2024-09-16,13.519999999999998,8.283333333333333,19.083333333333332,81.1119298245614,10121.316315789472,44067.98333333334,13.934418859649124,14.482307615629985,15.038677232854864,15.376720494417862,21.53310635964912,20.714514553429023,20.94200956937799,21.345261164274323,6.9149136967804585,0.0101430592105263,0.0,0.0,0.0,2
2024,2024-09-17,15.623263589301123,8.583333333333334,23.75,68.91963096778832,23809.66905524132,75160.83333333333,14.731818181818182,14.84839015151515,15.097443181818182,15.28068181818182,21.281770833333333,20.514772727272728,20.75274621212121,21.227840909090908,6.9641756903204,0.0100028125,0.0,1.0,0.0,2
2024,2024-09-18,12.367142697132616,5.1499999999999995,22.516666666666666,70.52804099462365,20219.59590053763,85557.09999999999,13.574330143540667,14.475361842105263,15.009052033492823,15.247979465709731,20.635902412280704,20.080264154704945,20.506828149920253,21.04487240829346,6.9701229946393966,0.0098641041666666,0.0,1.0,0.0,2
2024,2024-09-19,6.481052631578947,2.8666666666666667,12.5,85.21192982456141,7154.698245614035,64217.48333333334,10.770143540669856,12.761095494417862,14.0542663476874,14.714964114832537,20.751088815789473,19.93906798245614,20.353125,20.94982057416268,6.98451769019265,0.0107892288011695,0.0,0.0,0.0,2
2024,2024-09-20,9.067013888888887,3.216666666666667,15.95,74.35555555555555,23555.77760416667,89910.2,10.293655303030304,11.581155303030302,12.84375,13.744602272727274,22.7578125,20.63248106060606,20.611458333333335,21.091666666666665,7.010718706462227,0.0108065972222222,0.0,1.0,0.0,2
2024,2024-09-21,8.548926917828412,0.3,16.383333333333333,65.66927852872043,25339.664372288356,77342.43333333333,9.960373694288169,11.188928429027111,12.29761961722488,13.10023624401914,22.526233552631577,20.60100279106858,20.49830043859649,20.957711323763956,6.97254188264752,0.0107543859649122,0.0,1.0,0.0,1
2024,2024-09-22,10.03633748349368,2.05,18.75,67.15145509102057,24236.1308757192,75112.01666666666,10.293193779904309,11.156380582137162,12.071901913875598,12.776963716108453,22.238217105263157,20.509182615629985,20.41461523125997,20.87588716108453,6.9589313648404945,0.01063125,0.0,1.0,0.0,2
2024,2024-09-23,12.217851307189544,4.383333333333334,21.583333333333332,71.14993668300654,21734.460859885618,76908.13333333333,11.392708333333331,11.68001893939394,12.202272727272726,12.678219696969698,22.038854166666667,20.488825757575757,20.38712121212121,20.825473484848484,6.95395375266028,0.010586574074074,0.0,1.0,0.0,2
2024,2024-09-24,14.117938301735522,8.183333333333334,21.38333333333333,74.7345808573854,18447.77530925769,78985.36666666667,12.88574162679426,12.639043062200956,12.735215311004788,12.899712918660288,21.949473684210524,20.510813397129187,20.4311004784689,20.822296650717703,6.934146554392111,0.0106442105263157,0.0,0.0,0.0,2
2024,2024-09-25,15.318808479532164,10.716666666666669,19.566666666666663,82.36833333333334,10623.823062865498,68111.03333333334,13.73560606060606,13.38039772727273,13.329166666666667,13.30435606060606,22.121666666666663,20.69981060606061,20.607386363636365,20.942045454545458,6.93826642364175,0.0107799768518518,0.0,0.0,0.0,2
2024,2024-09-26,13.984375,12.316666666666668,16.75,93.4253472222222,5481.564583333333,29236.13333333333,14.059564393939397,13.898579545454544,13.817897727272726,13.694791666666667,24.198645833333337,21.890435606060606,21.444696969696967,21.39602272727273,6.9342969210759255,0.0114732638888888,2.0,2.0,0.0,2
2024,2024-09-27,13.43651097670251,6.783333333333334,18.95,86.85784916760987,15118.500464240236,97222.6,14.19511961722488,14.13607655502392,14.067272727272728,13.923827751196171,23.977894736842103,21.881913875598084,21.375885167464116,21.379712918660285,6.955584842315764,0.0116730994152046,0.0,0.0,0.0,2
2024,2024-09-28,12.69563058995528,4.45,21.1,78.67809189026488,24140.35950588396,80518.88333333333,12.984185606060606,13.484375,13.809848484848484,13.900757575757575,23.499166666666667,21.62007575757576,21.18058712121212,21.281628787878788,6.936758280575578,0.0116173611111111,0.0,0.0,0.0,2
2024,2024-09-29,15.970052997076024,8.166666666666666,24.03333333333333,74.27743969298245,21176.48320906433,71704.95,13.480018939393942,13.419128787878789,13.623011363636364,13.73039772727273,23.2971875,21.524715909090908,21.098200757575757,21.227367424242427,6.940215818823427,0.0115252314814814,1.0,1.0,0.0,2
2024,2024-09-30,13.776228070175437,7.483333333333333,21.416666666666668,78.92808479532164,5865.123157894737,35217.01666666667,13.804593301435403,13.926028708133972,13.996650717703348,13.915789473684212,23.01126315789474,21.478564593301435,21.081913875598087,21.247655502392345,6.97672601920661,0.0115980116959064,0.0,2.0,0.0,2
2024,2024-10-01,8.191911549707603,2.65,13.683333333333332,67.85126279239766,10499.883585526317,71157.86666666667,10.978503787878788,12.28191287878788,13.17660984848485,13.58125,22.396770833333335,21.10274621212121,20.90028409090909,21.093655303030303,6.991309226558068,0.0114304398148148,0.0,1.0,0.0,2
2024,2024-10-02,7.449586288416076,0.35,14.583333333333334,67.16613844562647,18021.810690011825,73435.41666666667,9.390389784946237,10.859564393939394,12.036742424242425,12.754261363636363,21.9915625,20.82679924242424,20.685037878787877,20.913541666666667,7.002782441247095,0.0111018518518518,0.0,2.0,0.0,1
2024,2024-10-03,10.869212353801167,3.1666666666666665,19.383333333333333,61.65551535087719,22214.070864400583,71026.56666666667,9.900861244019138,10.56842105263158,11.452057416267944,12.141626794258372,21.863052631578945,20.728516746411483,20.609473684210528,20.810717703349283,7.048499361084893,0.0108286549707602,0.0,0.0,0.0,2
2024,2024-10-04,12.91189144736842,4.3999999999999995,21.816666666666663,60.744325657894734,21847.22675621345,70159.65000000001,10.827935606060606,11.126988636363636,11.586174242424242,11.992424242424242,21.687708333333333,20.69289772727273,20.573106060606055,20.764488636363637,7.018881494575184,0.0107509259259259,0.0,2.0,0.0,2
2024,2024-10-05,12.97021479474054,5.516666666666667,21.2,64.96200441634046,13494.13348639968,69619.3,11.200897867564532,11.483389450056116,11.846015712682378,12.096632996632996,21.52111111111111,20.632884399551067,20.50628507295174,20.71358024691358,6.996465483658418,0.0107340192043895,0.0,1.0,0.0,2
2024,2024-10-06,9.909824561403507,1.25,15.55,54.61824561403509,18851.898070175437,76972.09999999999,11.060052936984627,11.729282296650718,12.067272727272728,12.20976076555024,21.264526315789475,20.506507177033495,20.459138755980863,20.687655502392342,7.058323310374981,0.010678947368421,0.0,1.0,0.0,1
2024,2024-10-07,7.28280701754386,0.6,15.333333333333334,51.98815423976608,19328.476869517544,68853.38333333333,8.235575159489633,9.82594696969697,10.894318181818182,11.503787878787875,20.65458333333333,20.05691287878788,20.13418560606061,20.460890151515148,7.044497302841571,0.0104269675925925,0.0,2.0,0.0,1
2024,2024-10-08,8.94970211988304,0.8166666666666668,17.466666666666665,54.2969206871345,15949.150871710526,73272.13333333333,8.176685606060605,9.296496212121212,10.356534090909092,11.114488636363635,20.56427083333333,19.97367424242424,20.026420454545455,20.32405303030303,7.051303960343455,0.0101475694444444,0.0,2.0,0.0,1
2024,2024-10-09,6.669451115957647,0.8666666666666667,14.683333333333332,49.89782245396293,18595.01301904473,66649.90000000001,7.380235162374021,8.684497607655503,9.611004784688994,10.284976076555024,20.322105263157894,19.80909090909091,19.91377990430622,20.23272727272727,7.059155847139106,0.0099479532163742,0.0,1.0,0.0,1
2024,2024-10-10,10.156330763063572,0.1333333333333333,18.416666666666668,56.7048269784003,16821.773581104982,66293.03333333334,7.770454545454545,8.436363636363636,9.31439393939394,10.044791666666669,20.296770833333333,19.72414772727273,19.794223484848484,20.13503787878788,7.0598814254644955,0.0097493055555555,0.0,0.0,0.0,1
2024,2024-10-11,9.670405701754389,4.133333333333333,15.083333333333334,64.5246875,20066.17924524854,72893.38333333333,9.219149720893142,9.473864633173845,9.9304076953748,10.337033492822966,20.59456907894737,20.0188855661882,19.933239633173844,20.20418062200957,7.058331438533181,0.0097529349415204,0.0,2.0,0.0,2
2024,2024-10-12,7.898618421052632,1.95,14.333333333333334,54.493064692982465,17074.659285453217,74777.03333333334,8.129800670113701,9.003910486443381,9.75648624401914,10.25373504784689,20.389066885964912,19.862998405103667,19.88020235247209,20.18634370015949,7.093695413369935,0.0097337012670565,0.0,0.0,0.0,1
2024,2024-10-13,7.315070805337812,0.15,14.033333333333331,46.74608521525445,18933.75046768073,69605.83333333333,6.756439393939394,7.890909090909091,8.900094696969697,9.615340909090907,20.103020833333332,19.61827651515151,19.71695075757576,20.05719696969697,7.108507466184727,0.0095304398148148,0.0,2.0,0.0,1
2024,2024-10-14,13.671440058479533,2.8166666666666664,20.3,60.43078581871345,11500.140370979532,63140.15,8.944306220095694,8.697129186602872,9.125645933014354,9.63799043062201,20.328736842105265,19.718947368421052,19.73875598086125,20.0777033492823,7.08335622460869,0.009458596491228,0.0,2.0,0.0,2
2024,2024-10-15,9.29095211988304,0.45,17.45,64.28377923976608,5351.659239766082,52137.88333333333,9.87935606060606,10.104924242424245,10.152935606060607,10.14403409090909,20.455,19.874621212121212,19.895833333333332,20.20530303030303,7.056050684089818,0.0096201388888888,0.0,2.0,0.0,1
2024,2024-10-16,4.435538921299474,0.1166666666666666,9.45,46.29488186818424,17437.981667405435,68021.81666666667,5.877411283891547,7.523295454545454,8.79659090909091,9.551799242424243,19.805104166666663,19.451041666666665,19.622916666666665,20.05227272727273,7.115162070048874,0.0093905092592592,0.0,2.0,0.0,1
2024,2024-10-17,6.150877192982456,0.4833333333333334,12.216666666666669,58.32473684210527,17409.671228070176,64853.78333333333,6.411827956989248,7.378277511961722,8.340191387559809,9.103827751196173,19.78557894736842,19.419617224880383,19.552631578947366,19.97827751196172,7.1334569527289,0.0092087719298245,0.0,1.0,0.0,1
2024,2024-10-18,6.6461805555555555,1.15,11.033333333333331,76.46770833333333,3904.7371527777777,31875.6,6.531448558162268,7.288541666666666,8.133901515151514,8.813162878787878,21.167291666666664,20.205018939393938,19.852083333333333,20.078030303030303,7.12612131318814,0.0092971064814814,0.0,1.0,0.0,1
2024,2024-10-19,1.7761166043595693,0.1,4.45,50.91178946565682,16986.959180905247,63712.48333333333,3.0659838516746407,5.313920454545454,6.878598484848485,7.853977272727272,21.268541666666668,20.08342803030303,19.824147727272727,20.02537878787879,7.222012471151044,0.0092946759259259,0.0,1.0,0.0,1
2024,2024-10-20,2.6769941480675628,0.1,5.933333333333334,44.85395157369073,17935.286243832674,62077.96666666667,1.94275120504264,36.05403058040358,5.355247208931419,6.655885167464115,20.836105263157897,19.751196172248804,19.66381711855396,19.903732057416267,7.242134780363434,0.0089869005847953,0.0,1.0,0.0,1
2024,2024-10-21,4.341717413871886,0.1,7.8,71.55846126923363,4767.40916713769,22453.983333333337,2.611419068736142,3.6916546563192902,5.114966740576497,6.377272727272728,20.960365853658537,19.91718403547672,19.693902439024388,19.887250554323725,7.227768867460862,0.0088077235772357,0.0,2.0,0.0,1
2024,2024-10-22,4.878692910296572,0.1,8.85,77.43076407861243,14077.489348824522,65685.34999999999,5.148256333830104,5.492950819672131,5.933065076999503,6.48229259811227,21.824562841530057,20.409937903626428,19.93659215101838,19.992883755588675,7.182946056024606,0.0090639344262295,0.0,2.0,0.0,1
2024,2024-10-23,2.446288115048546,0.1,4.25,95.68336564357588,2527.5807320778495,13648.466666666667,3.8050757575757577,4.833806818181818,5.838352272727272,6.620454545454546,21.86510416666667,20.434564393939397,19.88380681818182,19.979640151515152,7.219255572008675,0.0091796296296296,0.0,1.0,0.0,1
2024,2024-10-24,3.7153807390817466,0.15,8.366666666666667,70.77128032848078,17003.27874580067,60965.28333333333,4.354281010443999,5.0158851674641145,5.752918660287081,6.425645933014354,22.178736842105263,20.623636363636365,20.010526315789477,19.9911961722488,7.1903563960241845,0.0093730994152046,0.0,2.0,0.0,1
2024,2024-10-25,5.098251463266435,0.1,11.75,70.615983409788,8268.642848341384,63392.65,3.9258200354609927,4.6543560606060606,5.521306818181818,6.251988636363635,21.943645833333335,20.406723484848484,19.971685606060607,20.011363636363637,7.215438625458566,0.009302199074074,0.0,2.0,0.0,1
2024,2024-10-26,2.6858893248254208,0.1,7.316666666666667,58.40753405183705,16020.02062697489,59738.13333333333,3.1224194280430284,4.228693181818182,5.1559659090909085,5.886458333333334,21.665416666666665,20.25227272727273,19.937689393939394,20.00094696969697,7.2175968020916095,0.0091993055555555,0.0,1.0,0.0,1
2024,2024-10-27,2.8251109184537646,0.15,8.033333333333333,63.678601789305105,9451.785733984354,54093.916666666664,3.162660703141252,4.0332057416267935,4.962966507177033,5.749856459330143,21.581684210526316,20.199904306220095,19.899043062200956,19.96622009569378,7.166796776357412,0.0091101754385964,0.0,2.0,0.0,1
2024,2024-10-28,3.2909257185516982,0.1333333333333333,8.133333333333333,78.2357506248821,9244.23227887427,44493.86666666667,3.048859797583902,3.8949810606060606,4.789697966507177,5.546007775119617,21.463411184210525,20.13900019936204,19.88078249601276,19.97124302232855,7.164443480583836,0.0090045138888888,0.0,1.0,0.0,1
2024,2024-10-29,2.8480623066275847,0.1,8.116666666666667,81.61809380032206,10526.339337761674,56226.7,2.789831642193257,3.6824810606060607,4.561837121212121,5.3106060606060606,21.305,20.05691287878788,19.83778409090909,19.917897727272727,7.190243371626178,0.0089202546296296,0.0,1.0,0.0,1
2024,2024-10-30,4.0616056340233015,0.1,9.516666666666666,81.15664880759032,11259.018988718386,58271.95,3.373226773226773,3.9211788211788208,4.664135864135864,5.3425574425574425,21.32901098901099,20.067532467532462,19.82897102897103,19.91278721278721,7.191888908985252,0.0088728937728937,0.0,2.0,0.0,1
2024,2024-10-31,5.994350282485875,1.1,10.283333333333331,75.75,14497.751129943505,56332.75,4.305568621090476,4.45808936825886,4.932819722650231,5.463174114021571,21.326610169491524,20.09090909090909,19.85439137134053,19.94853620955316,7.209943621369988,0.0088719397363465,0.0,1.0,0.0,1
2025,2025-05-01,13.605677626303128,10.2,17.6,68.56665864742048,21194.836770916867,86752.94,9.5414237199582,7.441282654127481,5.722988505747127,4.213541013584117,22.888814872866597,22.193173981191222,21.71902037617555,22.97229623824451,6.95310016523961,0.0085624564611633,0.0,1.0,0.0,2
2025,2025-05-02,9.570989035087718,8.24,11.94,88.54964692982456,9391.481013157896,38951.66,9.176946271929824,7.895524122807018,6.416200657894737,4.927501096491228,23.460855263157896,22.675729166666667,21.717375,22.90775548245614,6.918012808623954,0.0089496247563352,0.0,1.0,0.0,2
2025,2025-05-03,9.185,4.54,12.72,83.925625,14397.760416666666,63668.380000000005,8.652501096491228,7.526529605263159,6.356029605263158,5.133008771929824,23.70068591617934,22.81984100877193,21.906702850877192,23.07084429824561,6.840434183193191,0.0092199524853801,0.0,0.0,0.0,2
2025,2025-05-04,7.984616228070175,3.3200000000000003,13.14,71.41374780701754,22634.744760964913,104640.04,8.38405153508772,7.3296217105263155,6.275709429824561,5.183634868421053,23.345660331384018,22.548047149122805,21.77136951754386,23.04738157894737,6.971000828991265,0.0090885721247563,0.0,1.0,0.0,2
2025,2025-05-05,9.254063596491228,4.76,13.64,66.16040350877192,26722.23801754386,103351.28,8.119325657894738,7.270139254385965,6.301094298245614,5.279141447368421,22.93205165692008,22.22952850877193,21.547830043859648,22.977359649122807,7.161187312989185,0.0089678874269005,0.0,2.0,0.0,2
2025,2025-05-06,10.263441878567722,3.5799999999999996,15.16,62.359194127313614,26317.495365961768,103646.2,8.333393640350877,7.286143640350877,6.3219309210526315,5.356611842105263,22.55265350877193,21.988429824561404,21.403024122807015,22.880401315789474,7.2639893743394195,0.008729389619883,0.0,1.0,0.0,2
2025,2025-05-07,11.70147149122807,5.24,17.580000000000002,57.45390570175439,26408.956173245613,90498.02,9.355610745614037,7.914338815789473,6.673843201754385,5.58302850877193,22.271812865497076,21.861311403508772,21.336906798245614,22.808740131578947,7.262632972972942,0.0085841617933723,0.0,2.0,0.0,2
2025,2025-05-08,12.603960941594188,3.3,18.26,60.22366776105446,23965.32229347382,94847.08,10.173576497760358,8.682802118327734,7.3100301418439715,6.068086249533408,22.001821212309736,21.695836412840613,21.276330510451665,22.75827260638298,7.208055145513844,0.0084709266258139,0.0,2.0,0.0,2
2025,2025-05-09,9.885208333333331,6.9799999999999995,12.16,86.12270833333334,6569.566041666667,29227.379999999997,8.899292763157895,8.319576754385965,7.45347149122807,6.417416666666666,21.974421296296295,21.7467149122807,21.208623903508773,22.703265350877196,7.458576097614734,0.0084209271442495,0.0,1.0,0.0,2
2025,2025-05-10,12.586269736842103,4.1,19.94,69.30808991228069,32187.239265350876,88833.54000000001,10.75290789473684,8.943410087719299,7.554668859649122,6.450199561403508,22.373556286549707,21.893655701754387,21.28390789473684,22.693895833333336,7.40212022179532,0.0076889265350877,0.0,2.0,0.0,2
2025,2025-05-11,16.725464912280703,6.279999999999999,22.92,57.34357236842105,23543.676541666668,82256.42,11.629645833333331,9.919196271929824,8.438833333333333,7.101570175438596,22.116917641325536,21.712208333333333,21.29691118421053,22.738990131578948,7.293299353923842,0.0078175559210526,0.0,1.0,0.0,2
2025,2025-05-12,16.805,10.24,22.44,46.70733552631579,19342.233578947365,68558.8,12.714089912280702,10.792711622807015,9.14483442982456,7.698911184210528,21.83428849902534,21.59971710526316,21.265166666666666,22.73122807017544,7.169584747343185,0.0078161600877192,0.0,1.0,0.0,2
2025,2025-05-13,13.303631960335622,9.16,19.08,61.72936260488177,16995.434664282988,84345.1,11.820361842105264,10.557711622807018,9.35261403508772,8.115548245614034,21.464661306042885,21.349445175438596,21.099525219298247,22.65044407894737,7.222331674265332,0.0076784276315789,0.0,1.0,0.0,2
2025,2025-05-14,15.72708552631579,10.38,22.619999999999997,76.57317982456141,11395.240833333331,72019.06000000001,12.732050438596492,11.02076754385965,9.614248903508772,8.348002192982456,21.343016569200778,21.296552631578948,21.01327302631579,22.57869846491228,7.343118367123654,0.0075281314836003,0.0,1.0,0.0,2
2025,2025-05-15,13.408776315789472,11.3,17.2,89.50792105263159,12712.622372807016,69427.4,12.629958333333333,11.399445175438595,10.111043859649124,8.829478070175437,24.01795565302145,22.861480263157897,22.00907236842105,23.227799342105264,7.592714912620406,0.0086185460526315,0.0,0.0,0.0,2
2025,2025-05-16,13.950804612337294,10.4,16.28,63.80934684493492,24488.353498443692,90851.52,12.608176535087718,11.397268640350877,10.251810307017545,9.086878289473685,24.26317007797271,23.088154605263156,22.280752192982455,23.55646271929825,7.276536435008754,0.0089778070175438,0.0,1.0,0.0,2
2025,2025-05-17,15.814681286549709,9.02,25.36,69.15558625730993,26831.898693713458,102884.66,13.483234649122808,11.808029605263158,10.470754385964913,9.278439692982456,23.63538133528265,22.693884868421055,22.06884210526316,23.43971710526316,7.174078553967695,0.0088650975877192,0.0,1.0,0.0,2
2025,2025-05-18,9.53986559139785,6.0200000000000005,14.22,76.63757392473119,25766.84374327957,108698.22,11.57690789473684,11.304768640350876,10.58175548245614,9.589515350877193,24.466671539961013,23.170473684210528,22.312076754385963,23.61294188596491,7.160688024093628,0.0093106754385964,0.0,0.0,0.0,2
2025,2025-05-19,10.081258258678613,7.08,14.18,77.25748133631953,17241.28144746174,95440.96,10.413492324561403,10.158389254385964,9.798900219298243,9.201759868421052,24.226895711500973,22.97553289473684,22.220924342105263,23.57159100877193,7.215265690623686,0.0091956074561403,0.0,0.0,0.0,2
2025,2025-05-20,10.790765350877193,4.68,16.740000000000002,76.52072587719297,29977.321168859653,101460.56,11.221417763157897,10.342487938596491,9.620513157894738,8.948495614035087,24.350313109161792,22.968735745614033,22.15418092105263,23.524293859649124,7.291453844372198,0.0091041622807017,0.0,0.0,0.0,2
2025,2025-05-21,10.379583333333333,6.4799999999999995,15.72,83.109375,22160.725625,110986.88,11.579327850877194,10.81069298245614,9.982393640350876,9.149757675438597,23.94012670565302,22.74846162280702,22.025535087719295,23.43744407894737,7.356114628578493,0.0090349967105263,0.0,0.0,0.0,2
2025,2025-05-22,10.802949561403508,3.72,15.84,75.31645614035088,23141.597756578947,104856.18,11.690747807017544,10.909326754385964,10.10834210526316,9.294094298245614,23.495105994152045,22.49990679824561,21.905332236842103,23.331554824561405,7.295630798941493,0.0088696458333333,0.0,1.0,0.0,2
2025,2025-05-23,9.443390350877191,5.9,12.94,76.55561184210526,13560.237407894736,72221.06,10.763429824561404,10.506588815789474,10.038179824561404,9.35473245614035,23.062097953216373,22.24815789473684,21.770825657894736,23.195118421052634,7.139150353040288,0.0086446951754385,0.0,0.0,0.0,2
2025,2025-05-24,11.15625,5.64,16.9,67.13163563829787,21826.743785460996,107354.92,11.038436403508772,10.260895833333333,9.693455043859649,9.135200657894735,22.824201998050683,22.03829605263158,21.624440789473685,23.09189692982456,7.422011586353216,0.008286683114035,0.0,0.0,0.0,2
2025,2025-05-25,12.655209173198957,8.72,18.66,73.53049155468459,20153.880267077267,97143.82,12.001941885964913,11.016137061403509,10.133821271929824,9.34414254385965,23.185069444444444,22.25424342105263,21.599298245614037,23.10555701754386,7.458181632663509,0.008319899122807,0.0,0.0,0.0,2
2025,2025-05-26,16.72096052631579,7.779999999999999,23.24,64.27761842105262,33657.70180921052,96824.66,13.72874451754386,12.037890350877191,10.777426535087718,9.76196052631579,23.199189814814815,22.254633771929825,21.673941885964915,23.1405975877193,7.233307161237508,0.0083361655701754,0.0,0.0,0.0,2
2025,2025-05-27,18.73957297611499,12.26,25.82,64.95611865884591,23701.165768547875,87989.18000000001,14.781029605263155,12.992767543859648,11.614541666666666,10.436986842105265,22.524134990253412,21.881421052631577,21.521433114035087,23.12533004385965,7.235352374468883,0.0082430124601275,0.0,1.0,0.0,2
2025,2025-05-28,22.90632017543859,17.34,30.119999999999997,57.96010745614035,24277.439769736844,81270.66,16.914424342105264,14.453639254385966,12.629396929824562,11.180345394736843,21.854549220272904,21.559871710526316,21.363831140350875,23.02914912280702,7.250160402974432,0.0080113157894736,0.0,1.0,0.0,2
2025,2025-05-29,24.086613955823292,17.92,30.380000000000003,55.888032128514055,24603.61876004016,83373.48000000001,18.379047149122805,15.883036184210528,13.87408004385965,12.18853399122807,20.92972709551657,21.04742214912281,21.103109649122807,22.92270504385965,7.224941035189706,0.0086403216374269,0.0,2.0,0.0,2
2025,2025-05-30,24.877076754385964,19.4,31.04,56.53219736842105,25827.038692982453,95281.38,19.4841875,16.97561403508772,14.891984649122808,13.11825657894737,19.998546539961016,20.44856798245614,20.76855153508772,22.719846491228072,7.20522031113794,0.0083129800194931,0.0,0.0,0.0,2
2025,2025-05-31,25.756083333333333,18.18,32.480000000000004,53.26558552631579,32319.76521929825,85575.28,20.315746710526316,17.91615789473684,15.835591008771932,13.997162280701756,19.032730263157895,19.77197478070175,20.3060975877193,22.47553728070175,7.204559784793467,0.0078884393274853,0.0,1.0,0.0,2
2025,2025-06-01,22.365833333333335,17.36,27.92,58.0875,28683.347708333335,84413.78,20.13632894736842,18.254185307017543,16.43777850877193,14.699142543859647,18.100644493177388,19.103835526315788,19.819876096491228,22.14622478070175,7.208869525992644,0.007389074074074,0.0,1.0,0.0,2
2025,2025-06-02,19.94374342105263,14.2,26.339999999999996,54.42569078947368,30393.09431359649,91093.92,17.240234375,15.992578125,14.43125,12.858333333333334,18.32544642857143,18.327083333333334,18.62486979166667,21.541145833333335,7.2013602128725385,0.00851875,0.0,1.0,0.0,2
2025,2025-06-03,16.262065789473684,11.84,20.68,74.8032543859649,11048.590228070176,66136.81999999999,17.845,17.63458333333333,16.984583333333333,15.786041666666668,16.09192708333333,16.351458333333333,18.156875000000003,22.24125,7.231275053098504,0.0089895833333333,0.0,1.0,0.0,2
2025,2025-06-04,14.573495614035089,11.04,17.94,72.04315350877194,11387.23126754386,44993.48,15.59684210526316,15.449052631578947,15.335368421052632,14.79178947368421,15.789736842105263,16.044842105263157,17.77284210526316,21.899578947368425,7.201799303303676,0.0083742105263157,0.0,2.0,0.0,2
2025,2025-06-05,13.525668859649125,10.78,16.759999999999998,77.4472456140351,14533.955594298246,95966.16,15.069166666666666,14.861458333333337,14.6375,14.120416666666667,16.11875,16.149791666666665,17.610208333333333,21.66,7.229961156796497,0.0105215277777777,0.0,1.0,0.0,2
2025,2025-06-06,14.992151315789474,10.04,21.94,78.3889100877193,28228.17614692982,109144.63999999998,15.569776785714286,14.776666666666666,14.043794642857142,13.40720238095238,17.845353835978838,18.163898809523808,18.513050595238095,20.928526785714286,7.574476848825609,0.0061153087797619,0.0,1.0,0.0,2
2025,2025-06-07,13.095416666666663,10.72,16.34,89.10354166666667,12764.741141499231,60929.259999999995,14.513253289473685,14.269467105263155,13.881828947368422,13.345614035087715,17.608587962962964,17.93099561403509,18.412139254385966,20.872322368421052,7.465334312546894,0.0060399520285087,0.0,1.0,0.0,2
2025,2025-06-08,16.91673903508772,10.44,22.26,78.41834429824561,28415.569850654138,109841.54,15.830786184210528,14.696935307017544,13.906690789473682,13.24476864035088,17.572646198830412,17.806323464912282,18.316372807017544,20.79164254385965,7.638217248784616,0.0058741008771929,0.0,1.0,0.0,2
2025,2025-06-09,15.752957990162434,10.98,19.4,87.5856807652711,23640.67575397506,109556.72,16.184791666666666,15.324166666666668,14.431145833333332,13.578125,19.349305555555556,18.639791666666667,19.12666666666667,21.39229166666667,7.385703140548456,0.0054113425925925,0.0,0.0,0.0,2
2025,2025-06-10,17.28858144417561,10.55,21.816666666666663,79.05877242005049,20021.12707131847,71230.25,16.20059380991303,15.253522894936877,14.307181481909826,13.442197476205347,18.473101659651473,17.95617352779301,17.08805450101682,19.04214887250691,7.362253113900734,0.0065864958294544,0.0,2.0,0.0,2
2025,2025-06-11,18.733939292114695,14.9,24.6,80.02524488304094,22472.196842812675,99394.1,17.02782976376049,15.75148383543701,14.611704468776836,13.64159612317507,19.518850327988897,18.174307564210817,17.311120383099873,19.11514036080019,7.372173070051645,0.0066853179824561,0.0,1.0,0.0,2
2025,2025-06-12,23.054457236842108,14.733333333333334,28.95,71.8314894005848,33771.35431103801,94547.78333333333,18.758355723868497,16.84983349918915,15.334498286156569,14.10313135780628,18.9780039943609,17.761008126934986,17.152405462184873,18.9909925549167,7.212611578599889,0.0067566995614035,0.0,1.0,0.0,2
2025,2025-06-13,21.27653874269006,18.7,23.85,79.25198282163743,13069.257507309942,70425.61666666667,18.873665204678364,17.58678216374269,16.209880116959066,14.88140423976608,17.286214755639097,17.331414473684212,17.34125365497076,19.72049342105263,7.39167479644845,0.0072226434576023,2.0,1.0,0.0,2
2025,2025-06-14,21.215115131578948,18.183333333333337,26.816666666666663,81.4888687865497,23678.40345394737,94339.05,19.362888157894737,17.829308479532166,16.44748245614035,15.200273391812864,16.486372180451127,16.88418494152047,16.99982821637427,19.54144078947369,7.515982747233436,0.0076503795115903,0.0,1.0,0.0,2
2025,2025-06-15,22.71785453216374,16.599999999999998,28.2,70.07716557017544,32987.81949378655,99065.85,19.9711769005848,18.32123976608187,16.87222807017544,15.591920321637426,15.76109570802005,16.430913011695907,16.6122317251462,19.288601608187136,7.447501538762518,0.0073893636318835,0.0,0.0,0.0,2
2025,2025-06-16,20.809237938596493,16.466666666666665,24.8,85.82046966374268,11744.07272112573,52698.43333333333,19.22205847953216,18.220908625730996,17.100565789473684,15.916200292397662,15.061051065162909,15.964244883040935,16.285110380116958,19.07105774853801,7.480429518569723,0.0071024575705568,0.0,1.0,0.0,2
2025,2025-06-17,19.581550442432853,14.883333333333333,23.866666666666664,83.66637732908316,16098.72128007115,98549.06666666668,18.855759530738943,18.072510207451007,17.077291138955946,16.021722388641376,17.00697066388,16.758312997158452,16.680158685236805,19.21004182071929,7.348939457035257,0.0070486646234306,0.0,1.0,0.0,2
2025,2025-06-18,20.727439692982458,13.833333333333334,26.566666666666663,65.6891081871345,36705.65422697368,92803.85,18.60975286774629,17.7750278340081,16.919872638326584,16.027361673414305,18.65443347953216,17.322482287449393,17.025066632928475,19.341718960863695,7.40108642134335,0.0053146259746588,1.0,1.0,0.0,2
2025,2025-06-19,22.64034539473684,15.883333333333336,26.883333333333336,73.86301352339181,24961.151074561403,92248.35,19.31591599190283,18.107292510121457,17.07885290148448,16.122616396761135,17.360736476608185,16.736909581646422,16.594318488529016,19.06316548582996,7.366491114647125,0.0050732115009746,0.0,1.0,0.0,2
2025,2025-06-20,22.01961805555555,18.366666666666664,25.0,86.6484375,11721.120138888888,49348.6,19.94415064102564,18.785096153846155,17.591826923076926,16.46241987179487,16.970399305555556,16.51570512820513,16.46738782051282,19.006971153846152,7.516894685642621,0.0049018800813008,0.0,2.0,0.0,2
2025,2025-06-21,19.64807017543859,15.533333333333331,24.03333333333333,82.76087719298246,20594.53789473684,106216.65,19.117327935222672,18.456275303643725,17.583724696356278,16.6348987854251,20.474561403508773,18.08493927125506,17.524615384615384,19.521295546558704,7.427521081860418,0.0053974269005847,3.0,0.0,0.0,2
2025,2025-06-22,20.2046875,15.2,24.9,78.20659722222221,27578.38315972222,104984.45,19.160817307692305,18.263461538461534,17.426041666666666,16.585496794871794,19.465885416666666,17.722195512820512,17.115624999999998,19.272195512820513,7.349750629369938,0.0051732638888888,1.0,1.0,0.0,2
2025,2025-06-23,23.27021700416822,17.616666666666667,28.8,75.99248071419684,29540.851418012007,96596.4,20.200961538461534,18.87371794871795,17.756009615384617,16.760657051282053,18.69539930555556,17.371875,16.797916666666666,19.10304487179487,7.321940226821474,0.0049715277777777,0.0,1.0,0.0,2
2025,2025-06-24,26.232967836257306,19.616666666666667,32.6,61.951887792397656,37025.98720760234,93214.58333333331,21.75336032388664,19.987287449392714,18.495546558704454,17.23384615384615,17.48359649122807,16.763643724696355,16.377813765182186,18.757085020242915,7.369252397189668,0.0047173099415204,1.0,2.0,0.0,2
2025,2025-06-25,24.3799817251462,20.0,28.333333333333332,77.22145285087718,18109.892673611113,64032.31666666667,21.66995192307693,20.380849358974363,19.06834935897436,17.79607371794872,16.29939236111111,16.08125,15.99238782051282,18.468589743589742,7.32658968956685,0.0044547576656073,0.0,1.0,0.0,2
2025,2025-06-26,26.03876785222513,19.183333333333337,33.18333333333333,79.2467204130258,38297.153838021775,93941.78333333333,22.492899221032133,20.8461452013582,19.41815884577934,18.131181465807806,15.69354694092827,15.669958180410957,15.636140520060918,18.175401343220233,7.498936990379702,0.0041860239280175,2.0,0.0,0.0,2
2025,2025-06-27,26.18127467105263,19.266666666666666,32.166666666666664,71.29649762426901,33144.98422423246,92963.76666666666,23.762024291497976,21.886963562753035,20.23327935222672,18.74672064777328,14.769035087719296,15.098785425101216,15.142995951417005,17.69927125506073,7.360272067783371,0.0043219736842105,0.0,1.0,0.0,2
2025,2025-06-28,28.857102272727275,22.366666666666664,34.18333333333333,69.44932133838384,30889.34520202021,85607.59999999999,25.029249379652605,22.840519023986765,20.975989971050453,19.362086435070303,14.029239471326164,14.534615384615384,14.647472084367244,17.23551488833747,7.355156433290078,0.0045200892857142,0.0,0.0,0.0,2
2025,2025-06-29,25.314787456510473,21.65,29.583333333333332,80.21599968076838,20323.9381782978,89172.90000000001,24.18481697031039,22.925676450742237,21.458111504723345,19.944309210526317,13.313872441520468,13.97549089068826,14.208323211875843,16.86133940620783,7.370344674566085,0.004207738095238,1.0,1.0,0.0,2
2025,2025-06-30,26.93894084874348,21.283333333333335,32.13333333333333,76.46108463726885,32108.002133943683,93839.1,24.57990131578947,22.878645411605937,21.408386470985157,20.051934041835356,12.987732090643275,13.63363444669366,13.913028002699054,16.539754554655868,7.482985844523581,0.003927969924812,1.0,2.0,0.0,2
2025,2025-07-01,24.39363952020202,20.866666666666667,28.7,77.53708964646465,21815.617424242424,94803.65,23.90218370445344,22.805486673414308,21.584563933873145,20.299281376518216,12.527043128654972,13.184709008097164,13.549360661268556,16.206153846153846,7.440689976352588,0.0036941055764411,0.0,2.0,0.0,2
2025,2025-07-02,24.42913101126042,21.46666666666667,28.0,85.70487709188751,13429.574846296811,65325.11666666667,23.185734649122807,22.33070850202429,21.348010290148448,20.262165991902837,12.788834978070176,13.117902327935225,13.365752361673414,15.99385374493927,7.458522893375009,0.0034880952380952,0.0,1.0,0.0,2
2025,2025-07-03,25.871279619733414,21.8,30.45,78.79433458072869,23651.578394377484,100641.45,23.89496828302958,22.53449112498327,21.39928384621791,20.27004722241594,12.681434459410472,13.188499943421862,13.487215950943195,16.123961244019817,7.511263312082813,0.0034148615380024,0.0,1.0,0.0,2
2025,2025-07-04,26.64330547740414,20.45,31.46666666666667,73.43943146779277,37317.28398162222,97722.55,23.93955549932524,22.563028846153845,21.375019399460193,20.267391194331985,12.641499451754385,12.789113529014845,12.892851720647773,15.492187078272604,7.472250330250754,0.0036582218567251,0.0,1.0,0.0,2
2025,2025-07-05,27.31974181893304,23.433333333333337,31.233333333333334,83.32463286530721,18345.50301572133,77303.71666666666,24.770688809188524,23.273854661737957,21.884930836707152,20.592784170920613,12.53446522215866,12.639931790177783,12.6807953411958,15.277521563105088,7.579878820709947,0.0035372727561657,0.0,1.0,0.0,2
2025,2025-07-06,23.50958157704868,17.383333333333333,28.46666666666667,78.59675611851598,31538.2652927774,104912.06666666668,23.299371867167917,22.8284923245614,21.999161184210525,20.89012139724311,14.139878542510122,13.277709899749372,12.879634241854635,15.461790413533835,7.509170248735999,0.003393400689223,0.0,1.0,0.0,2
2025,2025-07-07,21.142123935291128,15.316666666666668,26.483333333333334,63.03348445842869,36450.101331521735,96084.66666666669,20.779552005012533,20.975979010025064,20.87094689849624,20.329102443609024,14.71999915654521,13.15953790726817,12.767915100250628,15.345606203007518,7.489459743729524,0.0032533302005012,0.0,3.0,0.0,2
2025,2025-07-08,21.45012792397661,13.966666666666669,27.6,70.2916447368421,35622.83806286549,94514.11666666664,20.942882205513783,20.531629072681703,20.20029213659148,19.703739818295738,13.762707489878542,12.823731986215538,12.605666510025062,15.158240131578948,7.4453098482577875,0.0031112546992481,1.0,0.0,0.0,2
2025,2025-07-09,18.94610014619883,14.283333333333331,23.266666666666666,70.41966374269005,31255.371034356725,98836.91666666669,20.488924655388473,20.381885181704263,20.08140585839599,19.52919016290727,12.950425944669366,12.503329417293234,12.453730419799498,14.973647399749373,7.473674860569742,0.0030481187343358,1.0,1.0,0.0,2
2025,2025-07-10,17.904171765734265,12.0,24.633333333333336,81.20375546328671,32544.38015455031,95264.88333333336,19.44478188478189,19.84265068265068,19.757560772560772,19.30017649017649,12.388563743948358,12.19691142191142,12.24522311022311,14.782695637695635,7.555432760337203,0.0034555555555555,0.0,0.0,0.0,2
2025,2025-07-11,23.568985745614032,15.066666666666668,29.516666666666666,80.96704495614036,33296.56165387427,94408.06666666668,21.9324569235589,20.827891604010027,20.041494360902256,19.30063204887218,12.123865553306342,12.159645206766916,12.187591635338348,14.647596334586469,7.568036761755631,0.0040637894736842,0.0,1.0,0.0,2
2025,2025-07-12,24.74888611615245,20.35,30.1,85.65559897408752,26469.65149084997,100617.88333333336,23.328552450838632,22.002780026990553,20.859352045980337,19.782892326971275,11.81548771151251,12.078484793715058,12.144901195295931,14.574588092828224,7.560993744438123,0.0040957798582995,0.0,0.0,0.0,2
2025,2025-07-13,22.75907467639135,18.9,28.933333333333337,86.03474805342007,25260.4816472214,107686.2,23.063148616734143,22.13703441295547,21.11232371794872,20.080568488529018,11.970564692982457,11.830231950067477,11.719714912280702,14.14292004048583,7.462416236738487,0.0045700520833333,0.0,0.0,0.0,2
2025,2025-07-14,22.95333905545969,18.116666666666667,28.46666666666667,77.3724769617007,30201.414320954365,97087.93333333332,22.753323211875845,21.900519568151147,21.035593792172737,20.157107793522265,11.750411184210526,11.6131435560054,11.538754217273954,13.96140435222672,7.37979437964463,0.0060203874269005,0.0,0.0,0.0,2
2025,2025-07-15,24.044361559139787,16.916666666666668,30.116666666666664,81.40790157517449,30890.641822061876,104853.15,22.94684126180837,21.989418016194332,21.090418353576247,20.21430583670715,11.648380847953216,11.46057270580297,11.403394062078272,13.789464406207829,7.433364915998123,0.0059493494152046,0.0,0.0,0.0,2
2025,2025-07-16,22.6623617202729,19.383333333333333,25.9,90.52250487329434,11953.655350268033,62885.96666666667,22.530373650472335,21.929743589743588,21.18575067476383,20.333868083670716,11.622527412280702,11.410187246963565,11.343766025641024,13.718189102564102,7.616729010496504,0.0059684027777777,2.0,0.0,0.0,2
2025,2025-07-17,23.93976790935672,20.15,28.883333333333336,87.34411366959064,28069.706999269005,113338.83333333331,22.924712722887417,22.028360898153736,21.158064181525827,20.316241906423176,12.899652680571108,12.06547371651305,11.501478827490164,13.74428677821805,7.478072352219048,0.005999649122807,3.0,0.0,0.0,2
2025,2025-07-18,23.893865870349632,19.066666666666663,27.8,87.67230372029364,23273.654004603708,100880.48333333334,22.65185545697304,21.92422086312344,21.16263330174864,20.361674562839177,12.503096304591264,11.78783271599621,11.399738995606857,13.667246963562754,7.309230274118534,0.0060438596491228,0.0,1.0,0.0,2
2025,2025-07-19,25.01549735915493,20.366666666666667,30.316666666666663,87.05714019129397,26599.437533310163,104954.15,23.636418690958163,22.445808029689605,21.400870445344133,20.468354419703108,12.28389163011696,11.678922908232115,11.393633603238866,13.640544871794871,7.50795918840431,0.0060649305555555,0.0,0.0,0.0,2
2025,2025-07-20,25.925925744823772,21.833333333333332,30.25,86.77342594238978,23220.208456466335,101259.23333333334,24.25747722672065,22.994171727395415,21.85489794197031,20.80394483805668,11.995568347953215,11.534613697705804,11.347025134952766,13.594909750337385,7.492434223958933,0.0061126315789473,0.0,1.0,0.0,2
2025,2025-07-21,25.608090277777777,22.45,29.083333333333332,80.77728192007798,28542.30670869883,107006.13333333336,24.641269580200497,23.32312813283208,22.221208489974934,21.10860823934837,11.291102395411606,11.521628289473684,11.59063126566416,13.895104166666666,7.548241873485916,0.005184375,2.0,1.0,0.0,2
2025,2025-07-22,26.319314848513127,21.05,31.433333333333337,78.60892730496454,28406.44435855263,95527.48333333334,24.570818452380955,23.380982926065165,22.365046992481204,21.322704417293235,10.92460863697706,11.304774436090224,11.437571271929825,13.749485432330829,7.449963605816122,0.0050559676535087,0.0,1.0,0.0,2
2025,2025-07-23,24.952314447648803,21.133333333333333,30.116666666666664,85.71823407333976,14475.385410708564,95663.83333333331,24.179638941102755,23.367908051378443,22.48958020050125,21.48322838345865,10.766755229419704,11.167602600250628,11.349795582706768,13.678887844611529,7.410512947763904,0.0050554495614035,0.0,1.0,0.0,2
2025,2025-07-24,26.31486147951665,20.433333333333337,31.066666666666663,84.86822870615974,29970.43726790451,92780.28333333333,25.022975444096136,23.59754254366323,22.53955627705628,21.520712046574115,11.158410698496906,11.291077026421856,11.336609008807285,13.5997434318555,7.606132711772784,0.0042275862068965,0.0,0.0,0.0,2
2025,2025-07-25,26.89093809992739,23.4,31.639999999999997,86.27770140152985,24136.270152835383,97697.3,25.220573864457855,24.1583517914664,23.069789421324685,21.914396683260637,13.934472474517246,12.34315452796719,11.684392263216647,13.674285903270574,7.547498752193971,0.0041769396914446,2.0,0.0,0.0,2
2025,2025-07-26,26.50627412280702,22.54,32.0,88.32916008771929,24627.090252192986,94224.92,25.38254464285714,24.30923010651629,23.25501801378446,22.13097822681704,13.24627024291498,12.084842575187968,11.619739974937344,13.706130169172932,7.487326286184062,0.0052936814692982,0.0,1.0,0.0,2
2025,2025-07-27,26.37189743589744,21.14,32.239999999999995,85.12505494505494,27545.497721037136,100822.24,25.419517704517705,24.47901360544218,23.465347985347982,22.338663875806738,12.646882689959613,11.870677655677657,11.533696145124717,13.689001395429967,7.542393788120779,0.005352912087912,0.0,1.0,0.0,2
2025,2025-07-28,24.57423076923077,19.24,30.639999999999997,81.73810797897754,31419.20570711897,103462.38,24.64507489060284,24.076584988510454,23.327087893128265,22.36317896389325,12.039645052086524,11.603209223488728,11.40009278850894,13.6159801189149,7.411495367137109,0.0053241937410415,0.0,0.0,0.0,2
2025,2025-07-29,23.771809210526317,19.16,28.68,91.82023684210526,17460.327622885838,100995.96,23.871835839598997,23.503550281954887,22.98323621553885,22.207761591478697,11.726961875843454,11.383677161654134,11.2937617481203,13.5096561716792,7.564467677231795,0.0052809895833333,0.0,0.0,0.0,2
2025,2025-07-30,23.148047805198292,21.22,26.24,93.6138569922314,11430.005328598569,103003.84,23.234170180083016,23.04406170539595,22.647893715070104,21.981931561917836,12.572391672386182,11.840998986828774,11.383898936170212,13.508370689936925,7.4710792670192125,0.0052683617021276,0.0,0.0,0.0,2
2025,2025-07-31,24.31685342388229,19.82,28.640000000000004,81.0115947934352,31907.252611205437,98610.34,23.15393496147316,22.655127769796703,22.167575638848987,21.59977536894345,13.164041690247124,11.855610117104174,11.076040224631056,13.117800705237038,7.256126952502166,0.0062512544802867,0.0,0.0,0.0,2
2025,2025-08-01,25.230841530054647,19.24,29.660000000000004,75.69627868852459,35943.77292896175,102733.16,23.685294241277845,22.752631357713327,22.05010508617066,21.410468684321145,12.604635701275043,11.64969104665826,11.01009247583018,13.032912988650695,7.190024229174013,0.0061955555555555,0.0,0.0,0.0,2
2025,2025-08-02,23.510894736842104,16.72,29.660000000000004,77.38012280701756,33340.77001096491,94802.64,23.136985759493673,22.81999133514165,22.264394966847497,21.60405929776974,12.319543336849508,10.607986738999395,10.553916139240508,13.127444996986137,7.128618812753992,0.0056911458333333,0.0,0.0,0.0,2
2025,2025-08-03,23.593405281821575,18.56,29.619999999999997,85.44533701941023,15367.309030701756,101704.98,23.192018088216997,22.722914255941273,22.334793299738703,21.753638989983823,13.199594718178425,11.763614921612543,12.124067282568122,14.804225457260172,7.274272715588505,0.0111372340425531,0.0,1.0,0.0,2
2025,2025-08-04,22.021114035087717,18.52,27.08,82.30913596491227,14789.792581140351,80129.36,22.2728216374269,22.19985928362573,22.04671235380117,21.590815058479535,12.835811403508773,11.571171418128657,12.047563961988304,14.746644736842104,7.312386986660464,0.0110635416666666,0.0,1.0,0.0,2
2025,2025-08-05,22.285046320110148,16.360000000000003,29.42,74.05232369521732,29127.56746696802,96600.44,22.3651920995671,21.891842532467532,21.64816017316017,21.16496212121212,11.529797979797978,11.655140692640694,12.494872835497834,15.172835497835496,7.2422530753301055,0.0061885416666666,0.0,2.0,0.0,2
2025,2025-08-06,20.58169298245614,16.64,25.639999999999997,79.39248026315789,21263.427671052632,109752.66,21.4548943595548,21.19058856819468,20.968458781362006,20.547677796642144,11.204163193908526,11.68588473872854,11.956673269194493,13.940808338049424,7.1234976096756215,0.0063683644595359,0.0,1.0,0.0,2
2025,2025-08-07,19.29809210526316,15.22,24.46,81.01746929824562,28027.716396929824,112485.72,20.829470333820662,20.74355811403509,20.65116075779727,20.30772478070175,10.98817384370016,11.502165570175436,11.826425438596493,13.847271564327484,7.268726012811055,0.0062860197368421,0.0,1.0,0.0,2
2025,2025-08-08,19.540375,13.66,25.479999999999997,77.34474780701754,33975.07703289473,97816.48,20.531047453703703,20.46701388888889,20.37595486111111,20.05613425925926,10.79453914141414,11.363686342592592,11.729311342592592,13.751244212962964,7.1314581453690025,0.0061902777777777,0.0,1.0,0.0,2
2025,2025-08-09,20.13103728070175,12.1,26.3,80.1246644736842,24584.13092105263,107643.78,20.39583927266082,20.283626187865497,20.177102521929825,19.85528417397661,10.66551086523126,11.240703125,11.613585069444444,13.644966191520467,7.320898492210211,0.0061113961988304,0.0,0.0,0.0,2
2025,2025-08-10,18.856013157894736,15.64,23.119999999999997,91.44700219298244,10645.497899122807,50184.88,19.830291483918128,19.97701023391813,19.99911641081871,19.720349049707604,11.491952751196171,11.455999634502923,11.590358187134504,13.607443347953216,7.493052112675322,0.0061409027777777,0.0,1.0,0.0,2
2025,2025-08-11,19.897495567375888,15.12,25.46,87.77261081560285,26160.04102554214,109694.08,20.055219298245618,19.808793859649125,19.703456688596493,19.4363788377193,12.474710925039874,11.82343110380117,11.62514894005848,13.590769371345027,7.487753521667364,0.0061069152046783,0.0,1.0,0.0,2
2025,2025-08-12,20.73058771929825,13.3,26.639999999999997,86.85551315789473,27972.19938259361,105433.9,20.333674159356725,19.91494883040936,19.697166483918128,19.352086988304094,12.134642145135563,11.677767726608186,11.639611659356724,13.61438505116959,7.413060351898333,0.006024937865497,0.0,0.0,0.0,2
2025,2025-08-13,22.768449561403507,15.56,28.92,86.4355701754386,28792.90372064138,92457.42,21.22487755847953,20.45844115497076,19.98684393274854,19.46595942982456,11.860662878787878,11.66576845760234,11.664205043859647,13.622426900584792,7.575584702644424,0.0060348976608187,0.0,1.0,0.0,2
2025,2025-08-14,22.215530701754385,17.580000000000002,27.639999999999997,84.73626096491228,15988.153815789474,91934.24,21.27547057748538,20.828181652046784,20.376808296783626,19.75139802631579,12.763003389154704,12.24761239035088,11.761362390350875,13.66441337719298,7.408106968834463,0.0061367653508771,0.0,1.0,0.0,2
2025,2025-08-15,22.922561403508773,16.259999999999998,29.42,75.47704385964911,32848.45259868421,88282.08,20.954786286069144,20.450924165475705,20.1707001298716,19.701380098452884,13.027226442147075,12.391352585806,11.86209805022458,13.683027723900912,7.442671089578998,0.0060985327060931,0.0,1.0,0.0,2
2025,2025-08-16,20.556555011198206,16.619999999999997,25.52,87.99351833706608,15942.731511618142,114226.96,20.655231954553937,20.468707909512258,20.22030023251835,19.724209632014432,13.088999308595474,12.346456408641282,11.853760439996266,13.671111111111111,7.738981046972377,0.0061799793144208,0.0,1.0,0.0,2
2025,2025-08-17,18.911876363337036,13.04,25.4,77.67187002510597,29174.404624974275,103941.12,19.545800833153773,19.766516375781084,19.809075271134095,19.509381868131868,12.661217246805483,12.17460529938471,11.802588103617516,13.652348691613398,7.619890443333343,0.0062161416361416,0.0,1.0,0.0,2
2025,2025-08-18,18.284236994117855,10.06,24.48,72.99606691674592,24380.10326236014,93655.28,18.508081923729524,18.849817249673976,19.10816784634628,19.030931670497647,12.081879563128023,11.85414637979737,11.622743548153194,13.511349941469888,7.680806127648208,0.00617498816135,0.0,1.0,0.0,2
2025,2025-08-19,18.966149169466217,15.32,24.2,85.49510474990669,23257.3060747947,99577.92,19.249777172021982,19.082196665910715,19.02404538620074,18.79461577097277,12.434438211873417,12.056377899109783,11.649715876661284,13.48019173043424,7.718268103969227,0.0061421985815602,0.0,1.0,0.0,2
2025,2025-08-20,20.11019883485309,15.44,25.940000000000005,80.1333874990258,26472.113703672218,102943.24,19.59524775296516,19.23569462461906,19.083022635079484,18.777359051972656,12.1533620583148,11.9651379751462,11.681949322028665,13.500112802178569,7.661302950873966,0.0062063011695906,0.0,1.0,0.0,2
2025,2025-08-21,19.1102005567998,13.45,26.25,81.38153166604455,30687.20917805929,96702.45,19.31809129901961,19.222222222222225,19.10766441993464,18.785263480392157,11.689249108734405,11.752752246732028,11.623943014705882,13.469628267973857,7.717504230793526,0.0062190972222222,0.0,0.0,0.0,2
2025,2025-08-22,17.46865350877193,12.9,20.92,91.21182456140352,8142.736504385965,36618.560000000005,18.249081688596497,18.580249451754387,18.77563687865497,18.61401133040936,11.490309011164271,11.5449908625731,11.514315606725146,13.409946089181288,7.636981403922108,0.0062324707602339,0.0,0.0,0.0,2
2025,2025-08-23,17.72881359649123,14.080000000000002,21.76,91.67678289473685,11824.019369376969,92790.72,18.340096856725147,18.39451114766082,18.47218201754386,18.332225877192982,11.681544059011166,11.565490679824562,11.51559576023392,13.39564875730994,7.743284875825059,0.0064654532163742,0.0,0.0,0.0,2
2025,2025-08-24,17.028747807017545,14.3,20.44,96.19030921052632,9551.171156020995,54412.740000000005,17.766831140350877,17.97157437865497,18.168396381578948,18.08921235380117,12.19808712121212,11.648565423976608,11.47360380116959,13.377007492690057,7.853614442816337,0.0067084612573099,0.0,0.0,0.0,2
2025,2025-08-25,18.300013157894735,14.62,23.119999999999997,91.4423640350877,25476.378996238796,96766.08,18.37734375,18.107986111111114,18.059722222222224,17.901128472222222,12.448106060606062,11.836892361111111,11.515104166666667,13.386805555555554,7.975883939527723,0.0067798611111111,0.0,0.0,0.0,2
2025,2025-08-26,17.946458333333332,14.8,21.0,91.81083333333332,9144.598631253006,38979.94,17.98207419590643,18.00434027777778,18.062580409356723,17.887557565789475,12.182389354066986,11.791578033625733,11.522738486842108,13.389134685672516,7.796790225516013,0.0068108625730994,0.0,1.0,0.0,2
2025,2025-08-27,20.22947149122807,14.52,26.44,75.67511184210527,27998.52385307018,95188.46,18.678252706418824,18.20848505813144,18.047644458368143,17.79497045565302,11.957064678742311,11.746591087092732,11.532563483361182,13.384986990044554,7.620246041158562,0.006744557748538,0.0,1.0,0.0,2
2025,2025-08-28,19.1608125699888,15.34,23.36,81.99223679544608,15161.03375517917,68031.58,18.778391166559693,18.4578178487377,18.265268595778064,17.93336397714306,11.625173809662735,11.686698759092854,11.556623319604904,13.399428754813863,7.635310263164864,0.006737971491228,0.0,0.0,0.0,2
2025,2025-08-29,20.580625,12.6,26.96,79.25958333333332,27845.005625,91633.26,19.08982870734049,18.5687112409444,18.3220255629746,17.96822286593349,11.39457274036516,11.583996765078115,11.49934720585668,13.36650472964127,7.705814173310312,0.0067076242690058,0.0,1.0,0.0,2
2025,2025-08-30,21.01685745614035,16.240000000000002,26.24,87.03625219298246,20591.024600877194,103098.78,20.002776864035088,19.297998903508773,18.80180921052632,18.244713998538018,12.04982057416268,11.854408808479532,11.634332054093568,13.69202759502924,7.762858740416916,0.0077909868421052,0.0,0.0,0.0,2
2025,2025-08-31,20.99310745614035,14.84,27.339999999999996,83.29661622807018,28114.499300232284,96218.66,20.02286417205329,19.418538234039048,19.006443293955595,18.461875574477723,11.81725567127356,11.828707216195957,11.69973296123168,13.70145294425036,7.741901901421198,0.0078456190898345,0.0,0.0,0.0,2
2025,2025-09-01,22.412786658849587,16.740000000000002,28.22,79.79290078822227,27704.782110351116,96051.0,20.68555633520449,19.821544222473808,19.28576488801883,18.67123803009576,11.618616229753547,11.796480127469325,11.710996699267788,13.677501415161094,7.62667343478531,0.0077781846627985,0.0,0.0,0.0,2
2025,2025-09-02,20.565144544332803,14.68,25.54,79.71092208707915,25234.9325910453,99658.72,20.43755964429208,19.870048232097595,19.45030209643988,18.88606139487105,11.320316662494674,11.646024043108008,11.675634964775677,13.65706234006212,7.595386402282208,0.0077029085140137,0.0,0.0,0.0,2
2025,2025-09-03,19.411907183300528,12.62,25.98,76.73753213773664,29880.624817197637,98519.44,19.075624377293384,19.024261763586143,19.014974448778077,18.70364893420978,11.029496245534736,11.415017228216406,11.500559398111022,13.55175772864977,7.805875640522378,0.007575253031518,0.0,0.0,0.0,2
2025,2025-09-04,22.0152850877193,16.1,29.380000000000003,83.21748684210527,22976.093530701753,85183.4,20.07093513764085,19.32189802185851,18.987973519291113,18.57456690825132,11.11199729159373,11.481943285551276,11.514922175866497,13.50391106386393,7.664929519870423,0.007417605994152,0.0,0.0,0.0,2
2025,2025-09-05,23.08444690182904,17.36,29.94,77.27386426838373,26074.596069102277,82743.24,21.091522599902536,20.18091343810916,19.56386665448343,18.883544712475636,10.9955841307815,11.5309100877193,11.557862451267056,13.545240618908382,7.671350055062105,0.0073963779239766,0.0,0.0,0.0,2
2025,2025-09-06,18.414583333333333,13.74,24.1,94.58520833333333,9229.590186388508,51045.4,19.60763614766082,19.684628106725143,19.53813048245614,19.046687682748537,11.347665470494418,11.591956323099415,11.551296600877194,13.562923976608188,7.466261325328067,0.0074259868421052,0.0,0.0,0.0,2
2025,2025-09-07,16.243072368421053,12.66,23.28,89.77749561403509,21856.734250398724,91417.12,18.298262657604415,18.618176837076437,18.823217100078804,18.66696833136328,11.811463034601331,11.706557205476754,11.391788563829786,13.410255984042552,7.836546115476913,0.0073974537037037,0.0,0.0,0.0,2
2025,2025-09-08,16.24017763157895,10.98,23.42,78.87797368421052,22992.9585372807,90487.92,16.95331955922865,17.602634297520662,18.027000416847905,18.119942094388865,11.651878488835726,11.486977671451356,10.876625616209948,12.788607456140353,7.590561521277314,0.009930433114035,0.0,0.0,0.0,2
2025,2025-09-09,15.138070175438596,9.12,23.14,81.91527412280702,21081.303250888297,94665.28,16.144820040658626,16.75355155053126,17.26939822146596,17.512711618595144,11.43405955028416,11.168916003998474,10.694614753914236,12.611004405620324,7.578108342606606,0.0097103618421052,0.0,0.0,0.0,2
2025,2025-09-10,15.251267637178051,9.28,21.86,80.19712430011198,24871.926575587902,92612.96,16.022779698014002,16.50412731043699,16.904712017737427,17.100795824055265,11.290603870610749,11.045092006149694,10.70555877768904,12.564342570959026,7.407239749426785,0.0096073684210526,0.0,0.0,0.0,2
2025,2025-09-11,15.717249999999998,7.540000000000001,23.66,79.06415350877194,27627.188564217337,88419.44,15.684963654766284,16.176579867500923,16.58070213777451,16.78721981965403,11.076629132928474,10.847111013986014,10.570425714636242,12.441258587903326,7.315579619854208,0.0093863157894736,0.0,0.0,0.0,2
2025,2025-09-12,16.540125,11.1,20.66,91.9856403508772,8288.53066885965,70663.64,15.767229864433812,16.022682416267944,16.36736244019139,16.558142942583732,12.96369846491228,12.377091307814991,11.0991846092504,12.58533293460925,7.560109509307292,0.0051074599780701,0.0,0.0,0.0,2
2025,2025-09-13,19.25878163493841,11.58,26.06,84.18789249720045,22248.70847822072,91170.68,17.90851364635265,17.344049897385602,16.961504844670863,16.70615740299307,14.87951696883428,13.655906769598896,12.063947300015435,12.955476532632286,7.366944854532783,0.0121781360815602,0.0,0.0,0.0,2
2025,2025-09-14,17.346916666666665,9.46,25.0,87.60566885964911,23140.34585837756,83666.38,16.84143299881936,16.96524498229044,17.024172323888234,16.90143521251476,15.901538149350648,14.042386117670208,12.537935360094451,13.415546290830385,7.601300168844189,0.0058948933946488,0.0,0.0,0.0,2
2025,2025-09-15,16.41692352288768,14.35,20.133333333333333,76.16226085148215,11006.704483038537,83991.59999999999,16.10069270002658,16.53594638822435,16.85661765683147,16.811310556220096,21.362996320864145,18.298901515151517,15.673781897926636,16.487936685938333,7.1626081273006035,0.0065948354004726,0.0,0.0,0.0,2
2025,2025-09-16,15.194499269005847,10.65,21.983333333333334,79.51411184210527,16520.49340095029,84929.21666666666,15.298377226658475,15.690209038284696,16.172815683506474,16.355732814902222,21.54456090632825,18.71079462387028,16.012946216252136,16.769456462293633,7.234186470458959,0.0068908128352207,0.0,0.0,0.0,2
2025,2025-09-17,13.414795321637428,7.55,18.666666666666668,73.62351425438597,25753.347490862576,88551.75,14.54081335152469,15.187093702999825,15.756328962316902,15.986858492702988,23.14220106345031,20.51578424373618,16.883146195194293,17.542395901342186,7.043537059398399,0.007407176146658,0.0,0.0,0.0,2
2025,2025-09-18,12.000011302892393,6.316666666666666,19.083333333333332,71.34474482800701,24764.49574942753,77047.84999999999,13.152724126838558,14.071282353184571,14.927581751132422,15.391648780229568,21.73752188074554,19.98178017775326,16.38197642099363,17.1936315156217,7.146061579365657,0.005721886125902,0.0,0.0,0.0,2
2025,2025-09-19,12.269254432624114,2.7,20.4,70.93164394363569,24435.84982950728,81987.76,12.393092552310971,13.297795987209946,14.191451746424276,14.76243453835452,20.827118703768345,19.374400867980462,16.039948185759414,16.930884310567922,7.718186513357121,0.0054040643782488,0.0,0.0,0.0,2
2025,2025-09-20,13.473223684210527,9.18,19.4,85.69992105263158,18472.82159210526,87916.45999999999,13.741036614207088,13.849527595029238,14.232089514533884,14.524121839525284,20.528878412609064,19.200275842793257,15.984576292139662,16.88442063338493,7.710097862709326,0.0052598497448109,0.0,0.0,0.0,2
2025,2025-09-21,13.057910804111684,5.84,21.66,77.42093278413647,29772.102082353707,77176.12,13.414959685110547,13.894277804730391,14.342771931134,14.54858643910368,19.853004971343527,18.858375317211525,15.92034953392712,16.847700890265546,7.620893502377637,0.0052133000398435,0.0,0.0,0.0,2
2025,2025-09-22,14.9245,7.340000000000001,23.380000000000003,68.90513545166107,23538.998604516608,83308.84,13.51524567180362,13.811277914978048,14.226725426709503,14.43761108778151,19.19886558150696,18.47366849915125,15.816152179540165,16.736224426314013,7.59708713873879,0.0058393535605731,0.0,0.0,0.0,2
2025,2025-09-23,16.588880513231757,9.1,24.2,67.46359149016463,26136.590044341712,74493.56,14.270914353645765,14.142279600359254,14.346666386114723,14.441897413970937,18.74868651251417,18.204992644812535,15.75389735060691,16.66051256184778,7.892181725451721,0.0058212575960556,0.0,0.0,0.0,2
2025,2025-09-24,14.266972678779997,11.26,18.16,87.8553382220135,6156.81032136878,24995.48,14.027198581560285,14.22233482642777,14.493911907428144,14.56784061216872,18.959220197495675,18.28489361702128,15.772743561030234,16.65651455767077,8.271319109034714,0.0059778648749533,0.0,0.0,0.0,2
2025,2025-09-25,14.51943201754386,10.32,19.02,95.5560899122807,11844.336581704,70706.06,14.672996162280702,14.570496162280705,14.625062134502924,14.598446637426902,21.445570175438597,19.814113669590643,16.68717562134503,17.338379020467837,8.230220995326269,0.0078448310011138,0.0,0.0,0.0,2
2025,2025-09-26,16.78413190597987,11.766666666666666,22.28333333333333,77.59976451778469,36661.47850168205,78155.48333333332,15.009928990927662,14.817651380877995,14.838586352439316,14.737644746855723,22.27075281018549,20.403121645437796,17.232266570035247,17.744465698349757,8.040718174345976,0.0070826785537026,0.0,0.0,0.0,2
2025,2025-09-27,18.36747042796385,12.433333333333332,25.516666666666666,70.6937269072302,23606.172697866827,73086.96666666667,15.377086988304091,15.04343019005848,15.019120979532165,14.87573327850877,21.67647826953748,20.09156432748538,17.125320723684208,17.637649853801168,7.585072340478103,0.0065364364035087,0.0,0.0,0.0,2
2025,2025-09-28,16.368415453527437,9.85,24.883333333333336,60.64515117581187,21485.63386338186,71762.18333333333,15.162906343318404,15.165624172429707,15.222322357176608,15.049822980875613,20.880535452738695,19.66589677198195,17.01836036571986,17.587667718285193,7.747808876341384,0.0063498248325312,0.0,0.0,0.0,2
2025,2025-09-29,13.00546418128655,6.166666666666667,21.083333333333332,48.77994152046784,23371.828031798243,72034.88333333335,12.864480080409356,13.656301169590645,14.382113486842108,14.669773391812866,19.763108054226475,18.922611476608186,16.61032894736842,17.305685307017544,8.074711363518485,0.0060152919407894,0.0,0.0,0.0,2
2025,2025-09-30,15.03061918527379,6.3,24.45,63.93055771531101,21786.407446338384,72430.46666666667,13.425219879718234,13.546373604465709,13.96046509502924,14.22698639354067,19.29280303030303,18.65007534223817,16.482096707203613,17.1661975843966,8.158208893789189,0.0057576617324561,0.0,0.0,0.0,2
2025,2025-10-01,15.513739572583418,7.616666666666667,22.616666666666664,74.49692939456484,17005.586865970075,68580.68333333333,14.635610210167114,14.369368801026916,14.36982854158694,14.32467131489986,19.102116384858924,18.562314429455288,16.500202612737592,17.17246998182166,8.139439426435414,0.0065210393772893,0.0,0.0,0.0,2
2025,2025-10-02,7.466666666666666,7.466666666666666,7.466666666666666,73.28333333333333,0.0,0.0,12.183446271929824,13.842486842105265,14.427450657894738,14.54210855263158,18.01325170565302,17.539053728070176,15.399781798245616,15.963101973684209,7.8375559707183164,0.0059208333333333,0.0,0.0,0.0,2
2025,2025-10-03,,,,,,,12.28718201754386,13.02810307017544,13.59819298245614,14.033280701754387,18.035337719298248,16.715467105263155,13.036412280701754,12.284197368421053,8.506720056785321,0.0025736842105263,0.0,0.0,0.0,2
2025,2025-10-04,,,,,,,13.174375,13.215625,13.4275,13.731666666666666,17.943958333333335,16.702083333333334,13.058333333333332,12.273125,8.937337752397676,0.0025234374999999,0.0,0.0,0.0,2
2025,2025-10-05,,,,,,,11.789765957446807,12.958682297499069,13.444269363568496,13.721073021649868,17.41972844344905,16.38120035460993,12.942535321015304,12.256730263157896,8.359675915449436,0.0025223958333333,0.0,0.0,0.0,2
2025,2025-10-06,,,,,,,9.503133771929823,11.276350877192982,12.39178947368421,13.129041666666666,16.978692982456142,15.99564254385965,12.632098684210526,12.023585526315788,8.277018109802576,0.0024478947368421,0.0,0.0,0.0,2
2025,2025-10-07,,,,,,,8.79305039193729,10.240732362821948,11.414860022396416,12.326998880179172,16.84228667413214,15.88697200447928,12.498985442329229,11.883746920492722,8.787050725617238,0.0023270351526364,0.0,0.0,0.0,2
2025,2025-10-08,,,,,,,9.399695175438596,10.269734649122809,11.034359649122807,11.795438596491229,16.788973684210525,15.951100877192982,12.547118421052632,11.89325,8.560284864013013,0.0022661458333333,0.0,0.0,0.0,2
2025,2025-10-09,,,,,,,8.199921052631579,9.58294298245614,10.576210526315789,11.40279605263158,16.439168859649122,15.68454385964912,12.396682017543858,11.78921052631579,7.994857913458344,0.0022252631578947,0.0,0.0,0.0,2
2025,2025-10-10,,,,,,,6.888125,8.718333333333334,9.939791666666666,10.889375,16.14666666666667,15.458541666666669,12.225416666666666,11.650208333333332,7.701283345588726,0.0021558908045977,0.0,0.0,0.0,2
2025,2025-10-11,,,,,,,6.476506578947368,7.884780701754385,9.140868421052632,10.237809210526317,16.077576754385966,15.360245614035088,12.104129385964914,11.50763596491228,8.362006163504317,0.0021019334049409,0.0,0.0,0.0,2
2025,2025-10-12,,,,,,,7.596666666666667,8.503008771929824,9.186787280701754,9.943537280701754,16.13081798245614,15.48155701754386,12.23104605263158,11.582107456140353,8.391234440334715,0.002071875,0.0,0.0,0.0,2
2025,2025-10-13,3.222810510875855,0.15,7.366666666666667,39.8833644893613,15287.800098922611,64840.31666666666,4.501976570385899,6.343672839506173,7.692399691358024,8.793287037037038,16.201157407407408,15.249125514403293,13.534182098765433,14.645344650205764,7.87596927309535,0.0056044849537037,0.0,0.0,0.0,1
2025,2025-10-14,3.1382138857782755,0.1333333333333333,6.95,48.17516221848948,15488.157137691303,65592.76666666666,3.3623814075787757,5.093008040935673,6.539924463937622,7.775728557504873,16.022986567982457,15.064417641325536,13.370867446393762,14.51090155945419,7.864945822147504,0.005412815241228,0.0,0.0,0.0,1
2025,2025-10-15,3.0146551107378374,0.1666666666666666,5.8,50.31652229532164,15939.31278508772,66454.63333333333,3.1400945729010132,27.592324561403508,5.9535386012073195,7.174104885870591,15.921865405701755,14.960017056530214,13.293609342576872,14.426161416085014,7.881604334900057,0.005220018115942,0.0,0.0,0.0,1
2025,2025-10-16,3.485904676902345,0.1,8.1,46.8510545312519,18426.22833312817,64685.44999999999,4.339371675198233,5.2177255846632535,6.168458295694069,7.206166148081234,16.001703176753992,15.027501756499046,13.3468165545853,14.427956773394891,7.87195380972922,0.0051291053480155,0.0,0.0,0.0,1
2025,2025-10-17,1.816103714078959,0.1333333333333333,3.983333333333333,78.61284722222223,5032.622058823529,29909.466666666664,2.7023248982566135,4.2813359044162125,5.566107304900181,6.638222398669086,15.921831350406668,14.522848079249847,13.214617248941318,14.20828818814277,7.913218507441552,0.003417926642082,0.0,0.0,0.0,1
2025,2025-10-18,1.0790596938569583,0.1,2.4833333333333334,80.91193095615291,9169.589338024782,73423.63333333333,2.7935563162815873,4.052614919354839,5.287033354555744,6.39620645868704,15.900492752939698,14.52272920203735,13.186554187889078,14.147367183078666,7.611696261603494,0.0033271521048074,0.0,0.0,0.0,1
2025,2025-10-19,2.3912250271840563,0.1333333333333333,5.183333333333334,67.64154800178208,15092.193092050074,71319.46666666667,2.4375182788702525,3.659270466725323,4.79937734962406,5.862751253132832,15.842571010860487,14.471241228070175,13.119842731829571,14.097117324561404,7.823267853562219,0.0038915294419559,0.0,0.0,0.0,1
2025,2025-10-20,1.8253688786138305,0.1,3.9,61.251978710108894,9582.872617972522,70701.68333333333,1.9347229184071288,26.389585303388493,4.263763794567063,5.323226474564548,15.59306332236842,14.665503167641324,13.074625188643653,14.246083404074705,7.892776499811252,0.0047209374999999,0.0,0.0,0.0,1
2025,2025-10-21,3.042481180788851,0.1333333333333333,5.766666666666667,58.4300828460039,14788.108374147174,61812.0,1.904446231051085,41.5412818578657,3.821188271604938,4.8298631416504225,15.515408442982457,14.588456384015595,13.02212597465887,14.190736679662118,7.905858793767156,0.0046085115131578,0.0,0.0,0.0,1
2025,2025-10-22,2.48225857150503,0.1,5.316666666666666,57.54448912917403,10066.973213915624,66882.2,2.2021463808251127,26.83442136628146,4.0447809526103065,5.013120424666741,15.60684383616901,14.624425994827684,13.039769903800655,14.185582411632936,7.947024737491968,0.0045477843803056,0.0,0.0,0.0,1
2025,2025-10-23,3.0564346820703583,0.1833333333333333,6.333333333333333,47.71873710377785,18443.14604019485,67032.01666666666,2.5199669652773165,3.218124301363738,3.9825016767270287,4.866123407109322,15.5844592555332,14.605821596244132,13.0364185110664,14.17252850435949,7.955702872977174,0.0045237927565392,0.0,0.0,0.0,1
2025,2025-10-24,3.2372875383416915,0.1166666666666666,5.8500000000000005,62.29371944160432,16085.03257894703,59445.23333333334,1.484817243874371,40.69567982456141,3.158532535933852,3.930201224214382,15.313407346491228,14.403580653021445,12.936903704239231,14.11365253411306,7.7102396569761,0.00445703125,0.0,0.0,0.0,1
2025,2025-10-25,3.24599059289867,0.1166666666666666,7.066666666666666,64.43312783222986,13431.447752165952,54115.8,1.581018930577936,48.73580873356559,2.9836035136999803,3.7625979723810143,15.19048519736842,14.36839303118908,12.903960304553518,14.07886561753948,7.273466501480993,0.004363947368421,0.0,0.0,0.0,1
2025,2025-10-26,3.049602635550911,0.1,7.95,66.02554009193054,7179.711636874362,47820.13333333333,2.0125331062877247,18.277959434256346,3.299273231097839,4.082170300900004,15.343554731243,14.438489512048442,12.939881381941852,14.0969169673593,7.726304383532487,0.0043632313829787,0.0,0.0,0.0,1
2025,2025-10-27,4.12974926405417,0.1833333333333333,9.6,81.76823448732074,8425.562478374966,50306.416666666664,0.3043391674377101,22.084567982456143,2.2278541666666665,2.9290500848896435,15.119354288499029,13.845924342105263,12.74242971844935,13.793444644878326,7.770440858400699,0.0043627604166666,0.0,0.0,0.0,1
2025,2025-10-28,1.4550616979508986,0.1,3.6666666666666665,80.39007135921582,4663.031676248015,26441.8,0.7471285895938481,77.68646584546472,2.3403713005919053,3.1600685756945555,15.062454896105512,13.897113101903695,12.7373788993761,13.763628539433691,7.791714668166534,0.0042305851063829,0.0,0.0,0.0,1
2025,2025-10-29,2.5468559711605563,0.1,5.183333333333334,73.54063831543226,14996.366539078836,56238.48333333334,0.7056462232326354,63.36681042044768,1.928035201149425,2.621619971264368,14.98235153256705,13.88577945402299,12.720948275862067,13.73154094827586,7.859212676108831,0.00417734375,0.0,0.0,0.0,1
2025,2025-10-30,1.8622931632029904,0.1,4.033333333333333,82.82443530741644,2054.0899889877905,13414.483333333332,1.3373925592382077,88.26166488126671,2.5630877376784023,3.304615698491908,15.267534536825154,14.368852784134248,12.766053725198276,13.748192899745437,8.022718257192102,0.003347298245614,0.0,0.0,0.0,1
2025,2025-10-31,2.9935199124412493,0.1,6.516666666666667,77.40747927553814,11548.713248063645,54770.61666666667,0.8015081590784321,66.96127862466125,2.148545171012055,2.857902561676479,15.106616982836496,14.22864837398374,12.726185344827588,13.729832317073171,7.655968806763724,0.0041182291666666,0.0,0.0,0.0,1
